is_active,model_name,repetition,iteration,function_name,feature,influence,min_influence,max_influence,mape
True,p4,0,15,weighted_p4_influences_by_functions_system_results,"('window',)",5483123.376177184,5400810.917459135,5565435.834895233,
True,p4,0,15,weighted_p4_influences_by_functions_system_results,"('compression', 'window')",1067643.0855052553,1063619.0460185844,1071667.124991926,
True,p4,0,15,average_p4_influences_system_results,"('window',)",45.86388651529948,45.17537943522135,46.5523935953776,
True,p4,0,15,average_p4_influences_system_results,"('compression', 'window')",8.930359204610188,8.896699905395508,8.96401850382487,
True,p4,0,15,weighted_p4_influences_by_vif_system_results,"('window',)",5483123.376177184,5400810.917459135,5565435.834895233,
True,p4,0,15,weighted_p4_influences_by_vif_system_results,"('compression', 'window')",1067643.0855052553,1063619.0460185844,1071667.124991926,
True,p4,0,20,weighted_p4_influences_by_functions_system_results,"('compression', 'window')",91305246.29734673,90930674.5261058,91679818.06858765,
True,p4,0,20,weighted_p4_influences_by_functions_system_results,"('window',)",71405452.85629284,69361535.41201265,73449370.30057302,
True,p4,0,20,average_p4_influences_system_results,"('compression', 'window')",40.68547700280411,40.44626860752169,40.92468539808654,
True,p4,0,20,average_p4_influences_system_results,"('window',)",67.46607716878256,66.05335489908855,68.87879943847656,
True,p4,0,20,weighted_p4_influences_by_vif_system_results,"('compression', 'window')",91305246.29734673,90930674.5261058,91679818.06858765,
True,p4,0,20,weighted_p4_influences_by_vif_system_results,"('window',)",71405452.85629284,69361535.41201265,73449370.30057302,
True,p4,0,25,weighted_p4_influences_by_functions_system_results,"('window',)",-3853473373.522164,-3871399617.28308,-3835547129.7612495,
True,p4,0,25,weighted_p4_influences_by_functions_system_results,"('compression', 'window')",393845877.5908475,392771718.38755226,394920036.7941428,
True,p4,0,25,average_p4_influences_system_results,"('window',)",-1212.341629187266,-1219.401308854421,-1205.281949520111,
True,p4,0,25,average_p4_influences_system_results,"('compression', 'window')",145.75483937561512,145.23238332072896,146.2772954305013,
True,p4,0,25,weighted_p4_influences_by_vif_system_results,"('window',)",-3853473373.522164,-3871399617.28308,-3835547129.7612495,
True,p4,0,25,weighted_p4_influences_by_vif_system_results,"('compression', 'window')",393845877.5908475,392771718.38755226,394920036.7941428,
True,p4,0,30,weighted_p4_influences_by_functions_system_results,"('compression', 'window')",25179024.348515414,25088574.876751862,25269473.82027896,
True,p4,0,30,average_p4_influences_system_results,"('compression', 'window')",29.00354774792989,28.89129320780436,29.11580228805542,
True,p4,0,30,weighted_p4_influences_by_vif_system_results,"('compression', 'window')",25179024.348515414,25088574.876751862,25269473.82027896,
True,p4,0,35,weighted_p4_influences_by_functions_system_results,"('compression', 'window')",23784748.474914752,23695814.167609166,23873682.782220338,
True,p4,0,35,weighted_p4_influences_by_functions_system_results,"('window',)",6770728.145311076,6630522.541982131,6910933.748640021,
True,p4,0,35,average_p4_influences_system_results,"('compression', 'window')",27.125699440638225,27.01321093241373,27.23818794886271,
True,p4,0,35,average_p4_influences_system_results,"('window',)",56.63412729899089,55.46136983235677,57.806884765625,
True,p4,0,35,weighted_p4_influences_by_vif_system_results,"('compression', 'window')",23784748.474914752,23695814.167609166,23873682.782220338,
True,p4,0,35,weighted_p4_influences_by_vif_system_results,"('window',)",6770728.145311076,6630522.541982131,6910933.748640021,
True,p4,0,40,weighted_p4_influences_by_functions_system_results,"('compression', 'window')",23521807.03199272,23433271.7555432,23610342.308442235,
True,p4,0,40,weighted_p4_influences_by_functions_system_results,"('window',)",6770728.145311076,6630522.541982131,6910933.748640021,
True,p4,0,40,average_p4_influences_system_results,"('compression', 'window')",22.309982856114704,22.20480251312256,22.41516319910685,
True,p4,0,40,average_p4_influences_system_results,"('window',)",56.63412729899089,55.46136983235677,57.806884765625,
True,p4,0,40,weighted_p4_influences_by_vif_system_results,"('compression', 'window')",23521807.03199272,23433271.7555432,23610342.308442235,
True,p4,0,40,weighted_p4_influences_by_vif_system_results,"('window',)",6770728.145311076,6630522.541982131,6910933.748640021,
True,p4,0,45,weighted_p4_influences_by_functions_system_results,"('compression', 'window')",37897041.59012383,37665609.707828514,38128473.472419135,
True,p4,0,45,weighted_p4_influences_by_functions_system_results,"('compression',)",-31600322.42336977,-32012406.4439046,-31188238.402834944,
True,p4,0,45,average_p4_influences_system_results,"('compression', 'window')",31.962807257970177,31.76167329152425,32.1639412244161,
True,p4,0,45,average_p4_influences_system_results,"('compression',)",-264.3226318359375,-267.76953125,-260.875732421875,
True,p4,0,45,weighted_p4_influences_by_vif_system_results,"('compression', 'window')",37897041.59012383,37665609.707828514,38128473.472419135,
True,p4,0,45,weighted_p4_influences_by_vif_system_results,"('compression',)",-31600322.42336977,-32012406.4439046,-31188238.402834944,
True,p4,0,50,weighted_p4_influences_by_functions_system_results,"('compression', 'window')",33425058.06804217,33198141.34550758,33651974.79057676,
True,p4,0,50,weighted_p4_influences_by_functions_system_results,"('compression',)",-28192177.034225915,-28609445.488244995,-27774908.58020684,
True,p4,0,50,average_p4_influences_system_results,"('compression', 'window')",29.171299378077187,28.97524770100912,29.367351055145264,
True,p4,0,50,average_p4_influences_system_results,"('compression',)",-235.81501261393228,-239.3052775065104,-232.32474772135416,
True,p4,0,50,weighted_p4_influences_by_vif_system_results,"('compression', 'window')",33425058.06804217,33198141.34550758,33651974.79057676,
True,p4,0,50,weighted_p4_influences_by_vif_system_results,"('compression',)",-28192177.034225915,-28609445.488244995,-27774908.58020684,
True,p4,0,55,weighted_p4_influences_by_functions_system_results,"('compression', 'window')",34736581.90046872,34553621.06018069,34919542.74075676,
True,p4,0,55,weighted_p4_influences_by_functions_system_results,"('compression',)",-31299654.468804173,-31623363.53920199,-30975945.39840636,
True,p4,0,55,average_p4_influences_system_results,"('compression', 'window')",29.95192837715149,29.78497695922852,30.118879795074463,
True,p4,0,55,average_p4_influences_system_results,"('compression',)",-261.80767822265625,-264.51536051432294,-259.0999959309896,
True,p4,0,55,weighted_p4_influences_by_vif_system_results,"('compression', 'window')",34736581.90046872,34553621.06018069,34919542.74075676,
True,p4,0,55,weighted_p4_influences_by_vif_system_results,"('compression',)",-31299654.468804173,-31623363.53920199,-30975945.39840636,
True,p4,0,60,weighted_p4_influences_by_functions_system_results,"('compression', 'window')",21624241.500100646,21520019.486443624,21728463.51375767,
True,p4,0,60,average_p4_influences_system_results,"('compression', 'window')",19.441953121762104,19.336312937006976,19.54759330651723,
True,p4,0,60,weighted_p4_influences_by_vif_system_results,"('compression', 'window')",21624241.500100646,21520019.486443624,21728463.51375767,
True,p4,1,15,weighted_p4_influences_by_functions_system_results,"('compression', 'window')",861359.5560993808,853777.8693946792,868941.2428040826,
True,p4,1,15,average_p4_influences_system_results,"('compression', 'window')",7.204889297485352,7.141471862792969,7.268306732177734,
True,p4,1,15,weighted_p4_influences_by_vif_system_results,"('compression', 'window')",861359.5560993808,853777.8693946792,868941.2428040826,
True,p4,1,20,weighted_p4_influences_by_functions_system_results,"('window',)",407337.4972144326,272688.64080202486,541986.3536268403,
True,p4,1,20,weighted_p4_influences_by_functions_system_results,"('compression', 'window')",6024252.172747733,5961372.38202868,6087131.963466785,
True,p4,1,20,average_p4_influences_system_results,"('window',)",18.792256911595665,18.431443532307945,19.15307029088338,
True,p4,1,20,average_p4_influences_system_results,"('compression', 'window')",8.87392298380534,8.830461502075195,8.917384465535482,
True,p4,1,20,weighted_p4_influences_by_vif_system_results,"('window',)",407337.4972144326,272688.64080202486,541986.3536268403,
True,p4,1,20,weighted_p4_influences_by_vif_system_results,"('compression', 'window')",6024252.172747733,5961372.38202868,6087131.963466785,
True,p4,1,25,weighted_p4_influences_by_functions_system_results,"('window',)",-5383378843.755459,-5434390140.588985,-5332367546.921931,
True,p4,1,25,weighted_p4_influences_by_functions_system_results,"('compression',)",1303300799.380329,1235242909.7489147,1371358689.0117426,
True,p4,1,25,weighted_p4_influences_by_functions_system_results,"('compression', 'window')",504480525.609344,499436217.4619255,509524833.75676256,
True,p4,1,25,average_p4_influences_system_results,"('window',)",-1591.946789443493,-1610.0684255361557,-1573.82515335083,
True,p4,1,25,average_p4_influences_system_results,"('compression',)",323.27388191223145,301.63916428883874,344.9085995356242,
True,p4,1,25,average_p4_influences_system_results,"('compression', 'window')",161.0237939208746,159.17249254882336,162.87509529292586,
True,p4,1,25,weighted_p4_influences_by_vif_system_results,"('window',)",-5383378843.755459,-5434390140.588985,-5332367546.921931,
True,p4,1,25,weighted_p4_influences_by_vif_system_results,"('compression',)",1303300799.380329,1235242909.7489147,1371358689.0117426,
True,p4,1,25,weighted_p4_influences_by_vif_system_results,"('compression', 'window')",504480525.609344,499436217.4619255,509524833.75676256,
True,p4,1,30,weighted_p4_influences_by_functions_system_results,"('window',)",-6243617148.9410095,-6301159135.876767,-6186075162.005252,
True,p4,1,30,weighted_p4_influences_by_functions_system_results,"('compression', 'window')",597698656.4670453,586275072.4279455,609122240.506145,
True,p4,1,30,average_p4_influences_system_results,"('window',)",-1674.584836880366,-1693.417135079702,-1655.7525386810305,
True,p4,1,30,average_p4_influences_system_results,"('compression', 'window')",172.09334966043633,168.392508049806,175.7941912710667,
True,p4,1,30,weighted_p4_influences_by_vif_system_results,"('window',)",-6243617148.9410095,-6301159135.876767,-6186075162.005252,
True,p4,1,30,weighted_p4_influences_by_vif_system_results,"('compression', 'window')",597698656.4670453,586275072.4279455,609122240.506145,
True,p4,1,35,weighted_p4_influences_by_functions_system_results,"('window',)",-5706217994.379876,-5738082473.363749,-5674353515.396004,
True,p4,1,35,weighted_p4_influences_by_functions_system_results,"('compression', 'window')",543950394.0453947,537319608.4847989,550581179.6059903,
True,p4,1,35,average_p4_influences_system_results,"('window',)",-1619.9432436625164,-1631.848062515259,-1608.0384248097737,
True,p4,1,35,average_p4_influences_system_results,"('compression', 'window')",175.5459191078941,173.2552686333656,177.83656958242258,
True,p4,1,35,weighted_p4_influences_by_vif_system_results,"('window',)",-5706217994.379876,-5738082473.363749,-5674353515.396004,
True,p4,1,35,weighted_p4_influences_by_vif_system_results,"('compression', 'window')",543950394.0453947,537319608.4847989,550581179.6059903,
True,p4,1,40,weighted_p4_influences_by_functions_system_results,"('window',)",-2931080667.752193,-2940923062.6388383,-2921238272.8655486,
True,p4,1,40,weighted_p4_influences_by_functions_system_results,"('compression', 'window')",275963485.52181435,274836262.1598134,277090708.8838153,
True,p4,1,40,weighted_p4_influences_by_functions_system_results,"('compression',)",796938995.7530563,790243124.6299101,803634866.8762025,
True,p4,1,40,average_p4_influences_system_results,"('window',)",-1019.0163821379344,-1026.2132363319397,-1011.8195279439292,
True,p4,1,40,average_p4_influences_system_results,"('compression', 'window')",120.04678278664748,119.35420139630637,120.7393641769886,
True,p4,1,40,average_p4_influences_system_results,"('compression',)",1423.7531382242837,1418.9194132486978,1428.58686319987,
True,p4,1,40,weighted_p4_influences_by_vif_system_results,"('window',)",-2931080667.752193,-2940923062.6388383,-2921238272.8655486,
True,p4,1,40,weighted_p4_influences_by_vif_system_results,"('compression', 'window')",275963485.52181435,274836262.1598134,277090708.8838153,
True,p4,1,40,weighted_p4_influences_by_vif_system_results,"('compression',)",796938995.7530563,790243124.6299101,803634866.8762025,
True,p4,1,45,weighted_p4_influences_by_functions_system_results,"('window',)",-4643514885.744452,-5167980330.859656,-4119049440.6292486,
True,p4,1,45,weighted_p4_influences_by_functions_system_results,"('compression', 'window')",432992258.547726,383732345.5136433,482252171.5818086,
True,p4,1,45,weighted_p4_influences_by_functions_system_results,"('compression',)",539553936.2263219,458238163.93263006,620869708.5200139,
True,p4,1,45,average_p4_influences_system_results,"('window',)",-1427.891944646835,-1555.0039006869,-1300.7799886067708,
True,p4,1,45,average_p4_influences_system_results,"('compression', 'window')",157.68981572488946,145.77646019061407,169.6031712591648,
True,p4,1,45,average_p4_influences_system_results,"('compression',)",618.5240071614584,403.1692097981771,833.8788045247396,
True,p4,1,45,weighted_p4_influences_by_vif_system_results,"('window',)",-4643514885.744452,-5167980330.859656,-4119049440.6292486,
True,p4,1,45,weighted_p4_influences_by_vif_system_results,"('compression', 'window')",432992258.547726,383732345.5136433,482252171.5818086,
True,p4,1,45,weighted_p4_influences_by_vif_system_results,"('compression',)",539553936.2263219,458238163.93263006,620869708.5200139,
True,p4,1,50,weighted_p4_influences_by_functions_system_results,"('compression', 'window')",46518934.33104914,46348186.42647314,46689682.23562515,
True,p4,1,50,weighted_p4_influences_by_functions_system_results,"('window',)",-62662643.19435024,-64416240.69095838,-60909045.69774211,
True,p4,1,50,average_p4_influences_system_results,"('compression', 'window')",104.81688048566384,104.42407384018104,105.2096871311466,
True,p4,1,50,average_p4_influences_system_results,"('window',)",-29.84893163045248,-31.911348978678383,-27.78651428222656,
True,p4,1,50,weighted_p4_influences_by_vif_system_results,"('compression', 'window')",46518934.33104914,46348186.42647314,46689682.23562515,
True,p4,1,50,weighted_p4_influences_by_vif_system_results,"('window',)",-62662643.19435024,-64416240.69095838,-60909045.69774211,
True,p4,1,55,weighted_p4_influences_by_functions_system_results,"('compression', 'window')",18455081.713761367,18354889.59362656,18555273.83389617,
True,p4,1,55,weighted_p4_influences_by_functions_system_results,"('window',)",-62662643.19435024,-64416240.69095838,-60909045.69774211,
True,p4,1,55,average_p4_influences_system_results,"('compression', 'window')",14.813387235005695,14.6962997118632,14.930474758148192,
True,p4,1,55,average_p4_influences_system_results,"('window',)",-29.84893163045248,-31.911348978678383,-27.78651428222656,
True,p4,1,55,weighted_p4_influences_by_vif_system_results,"('compression', 'window')",18455081.713761367,18354889.59362656,18555273.83389617,
True,p4,1,55,weighted_p4_influences_by_vif_system_results,"('window',)",-62662643.19435024,-64416240.69095838,-60909045.69774211,
True,p4,1,60,weighted_p4_influences_by_functions_system_results,"('compression', 'window')",15806454.560258811,15725435.63070177,15887473.489815855,
True,p4,1,60,weighted_p4_influences_by_functions_system_results,"('window',)",183243.88829410227,171618.7540362633,194869.02255194125,
True,p4,1,60,average_p4_influences_system_results,"('compression', 'window')",13.034860928853352,12.930648008982342,13.139073848724363,
True,p4,1,60,average_p4_influences_system_results,"('window',)",13.548423767089844,12.68890126546224,14.407946268717447,
True,p4,1,60,weighted_p4_influences_by_vif_system_results,"('compression', 'window')",15806454.560258811,15725435.63070177,15887473.489815855,
True,p4,1,60,weighted_p4_influences_by_vif_system_results,"('window',)",183243.88829410227,171618.7540362633,194869.02255194125,
True,p4,2,15,weighted_p4_influences_by_functions_system_results,"('compression', 'window')",79093062.66543165,78939672.21505654,79246453.11580676,
True,p4,2,15,weighted_p4_influences_by_functions_system_results,"('window',)",3939834.703650397,3939834.703650397,3939834.703650397,
True,p4,2,15,average_p4_influences_system_results,"('compression', 'window')",267.5739059429616,267.1096787961821,268.0381330897411,
True,p4,2,15,average_p4_influences_system_results,"('window',)",32.95496368408203,32.95496368408203,32.95496368408203,
True,p4,2,15,weighted_p4_influences_by_vif_system_results,"('compression', 'window')",79093062.66543165,78939672.21505654,79246453.11580676,
True,p4,2,15,weighted_p4_influences_by_vif_system_results,"('window',)",3939834.703650397,3939834.703650397,3939834.703650397,
True,p4,2,20,weighted_p4_influences_by_functions_system_results,"('compression', 'window')",71742727.29375863,71578788.29996172,71906666.28755555,
True,p4,2,20,weighted_p4_influences_by_functions_system_results,"('window',)",4368003.4807563685,4330385.9343273975,4405621.027185339,
True,p4,2,20,average_p4_influences_system_results,"('compression', 'window')",236.4037259966135,235.93801531195643,236.8694366812706,
True,p4,2,20,average_p4_influences_system_results,"('window',)",36.53640492757161,36.22175089518229,36.85105895996094,
True,p4,2,20,weighted_p4_influences_by_vif_system_results,"('compression', 'window')",71742727.29375863,71578788.29996172,71906666.28755555,
True,p4,2,20,weighted_p4_influences_by_vif_system_results,"('window',)",4368003.4807563685,4330385.9343273975,4405621.027185339,
True,p4,2,25,weighted_p4_influences_by_functions_system_results,"('compression', 'window')",49256395.25351986,49091860.00202363,49420930.505016096,
True,p4,2,25,weighted_p4_influences_by_functions_system_results,"('window',)",4368003.4807563685,4330385.9343273975,4405621.027185339,
True,p4,2,25,average_p4_influences_system_results,"('compression', 'window')",150.09952701131505,149.61204068859422,150.58701333403587,
True,p4,2,25,average_p4_influences_system_results,"('window',)",36.53640492757161,36.22175089518229,36.85105895996094,
True,p4,2,25,weighted_p4_influences_by_vif_system_results,"('compression', 'window')",49256395.25351986,49091860.00202363,49420930.505016096,
True,p4,2,25,weighted_p4_influences_by_vif_system_results,"('window',)",4368003.4807563685,4330385.9343273975,4405621.027185339,
True,p4,2,30,weighted_p4_influences_by_functions_system_results,"('compression', 'window')",39383224.24899782,39207527.74320186,39558920.75479378,
True,p4,2,30,weighted_p4_influences_by_functions_system_results,"('window',)",4368003.4807563685,4330385.9343273975,4405621.027185339,
True,p4,2,30,average_p4_influences_system_results,"('compression', 'window')",115.33856845398743,114.85886905590692,115.81826785206796,
True,p4,2,30,average_p4_influences_system_results,"('window',)",36.53640492757161,36.22175089518229,36.85105895996094,
True,p4,2,30,weighted_p4_influences_by_vif_system_results,"('compression', 'window')",39383224.24899782,39207527.74320186,39558920.75479378,
True,p4,2,30,weighted_p4_influences_by_vif_system_results,"('window',)",4368003.4807563685,4330385.9343273975,4405621.027185339,
True,p4,2,35,weighted_p4_influences_by_functions_system_results,"('compression', 'window')",50719753.34420579,50521092.42683603,50918414.26157555,
True,p4,2,35,average_p4_influences_system_results,"('compression', 'window')",96.38302131493886,96.03974348306656,96.72629914681114,
True,p4,2,35,weighted_p4_influences_by_vif_system_results,"('compression', 'window')",50719753.34420579,50521092.42683603,50918414.26157555,
True,p4,2,40,weighted_p4_influences_by_functions_system_results,"('window',)",-2522592266.3667874,-4089855899.1167097,-955328633.6168648,
True,p4,2,40,weighted_p4_influences_by_functions_system_results,"('compression', 'window')",342743785.7006901,176647097.57651132,508840473.8248689,
True,p4,2,40,weighted_p4_influences_by_functions_system_results,"('compression',)",-7321578475.829775,-10312308544.138672,-4330848407.520877,
True,p4,2,40,average_p4_influences_system_results,"('window',)",-6186.53031223019,-9353.137542381884,-3019.923082078497,
True,p4,2,40,average_p4_influences_system_results,"('compression', 'window')",780.9790633593998,465.4718171755472,1096.4863095432522,
True,p4,2,40,average_p4_influences_system_results,"('compression',)",-17315.54501269261,-22558.740493513644,-12072.349531871578,
True,p4,2,40,weighted_p4_influences_by_vif_system_results,"('window',)",-2522592266.3667874,-4089855899.1167097,-955328633.6168648,
True,p4,2,40,weighted_p4_influences_by_vif_system_results,"('compression', 'window')",342743785.7006901,176647097.57651132,508840473.8248689,
True,p4,2,40,weighted_p4_influences_by_vif_system_results,"('compression',)",-7321578475.829775,-10312308544.138672,-4330848407.520877,
True,p4,2,45,weighted_p4_influences_by_functions_system_results,"('window',)",-833295055.2616489,-838093166.0796007,-828496944.4436971,
True,p4,2,45,weighted_p4_influences_by_functions_system_results,"('compression', 'window')",189333302.2743753,187510999.76335987,191155604.7853909,
True,p4,2,45,weighted_p4_influences_by_functions_system_results,"('compression',)",-4800739709.601439,-5142341152.531155,-4459138266.671721,
True,p4,2,45,average_p4_influences_system_results,"('window',)",-572.4458589553833,-575.8124739329021,-569.0792439778645,
True,p4,2,45,average_p4_influences_system_results,"('compression', 'window')",250.82406886170307,246.3667471160491,255.28139060735705,
True,p4,2,45,average_p4_influences_system_results,"('compression',)",-9151.595641185218,-10410.78121284023,-7892.410069530209,
True,p4,2,45,weighted_p4_influences_by_vif_system_results,"('window',)",-833295055.2616489,-838093166.0796007,-828496944.4436971,
True,p4,2,45,weighted_p4_influences_by_vif_system_results,"('compression', 'window')",189333302.2743753,187510999.76335987,191155604.7853909,
True,p4,2,45,weighted_p4_influences_by_vif_system_results,"('compression',)",-4800739709.601439,-5142341152.531155,-4459138266.671721,
True,p4,2,50,weighted_p4_influences_by_functions_system_results,"('window',)",-549450245.2945601,-854479804.5438844,-244420686.0452357,
True,p4,2,50,weighted_p4_influences_by_functions_system_results,"('compression', 'window')",147478731.31478617,103314065.0585098,191643397.5710625,
True,p4,2,50,weighted_p4_influences_by_functions_system_results,"('compression',)",-3926102722.55934,-5030857811.386837,-2821347633.731842,
True,p4,2,50,average_p4_influences_system_results,"('window',)",-353.8695751825968,-567.0439573923746,-140.695192972819,
True,p4,2,50,average_p4_influences_system_results,"('compression', 'window')",214.4391871318221,178.57372799019018,250.30464627345404,
True,p4,2,50,average_p4_influences_system_results,"('compression',)",-8407.358597974602,-9909.702119556565,-6905.015076392641,
True,p4,2,50,weighted_p4_influences_by_vif_system_results,"('window',)",-549450245.2945601,-854479804.5438844,-244420686.0452357,
True,p4,2,50,weighted_p4_influences_by_vif_system_results,"('compression', 'window')",147478731.31478617,103314065.0585098,191643397.5710625,
True,p4,2,50,weighted_p4_influences_by_vif_system_results,"('compression',)",-3926102722.55934,-5030857811.386837,-2821347633.731842,
True,p4,2,55,weighted_p4_influences_by_functions_system_results,"('window',)",-293546876.2209952,-442123232.5937797,-144970519.8482107,
True,p4,2,55,weighted_p4_influences_by_functions_system_results,"('compression', 'window')",126620999.5989434,108767985.40324444,144474013.7946424,
True,p4,2,55,weighted_p4_influences_by_functions_system_results,"('compression',)",-3425862294.87904,-3778951517.5771294,-3072773072.18095,
True,p4,2,55,average_p4_influences_system_results,"('window',)",1595.4414861251912,1368.934676870704,1821.9482953796785,
True,p4,2,55,average_p4_influences_system_results,"('compression', 'window')",12.970094477136932,-11.403807312250123,37.34399626652399,
True,p4,2,55,average_p4_influences_system_results,"('compression',)",-4278.349689282477,-4705.262454445163,-3851.43692411979,
True,p4,2,55,weighted_p4_influences_by_vif_system_results,"('window',)",-293546876.2209952,-442123232.5937797,-144970519.8482107,
True,p4,2,55,weighted_p4_influences_by_vif_system_results,"('compression', 'window')",126620999.5989434,108767985.40324444,144474013.7946424,
True,p4,2,55,weighted_p4_influences_by_vif_system_results,"('compression',)",-3425862294.87904,-3778951517.5771294,-3072773072.18095,
True,p4,2,60,weighted_p4_influences_by_functions_system_results,"('window',)",-366135213.326306,-441877240.8936423,-290393185.7589698,
True,p4,2,60,weighted_p4_influences_by_functions_system_results,"('compression', 'window')",136704587.6199926,129107747.2133874,144301428.02659786,
True,p4,2,60,weighted_p4_influences_by_functions_system_results,"('compression',)",-3657618340.454352,-3788185863.1185904,-3527050817.790114,
True,p4,2,60,average_p4_influences_system_results,"('window',)",1544.057841703296,1368.20466461281,1719.9110187937815,
True,p4,2,60,average_p4_influences_system_results,"('compression', 'window')",20.153428344366453,2.9170138140519555,37.38984287468095,
True,p4,2,60,average_p4_influences_system_results,"('compression',)",-4438.348305818935,-4711.63761720558,-4165.05899443229,
True,p4,2,60,weighted_p4_influences_by_vif_system_results,"('window',)",-366135213.326306,-441877240.8936423,-290393185.7589698,
True,p4,2,60,weighted_p4_influences_by_vif_system_results,"('compression', 'window')",136704587.6199926,129107747.2133874,144301428.02659786,
True,p4,2,60,weighted_p4_influences_by_vif_system_results,"('compression',)",-3657618340.454352,-3788185863.1185904,-3527050817.790114,
True,p4,3,15,weighted_p4_influences_by_functions_system_results,"('compression', 'window')",19864262.59744795,19798511.76417072,19930013.430725183,
True,p4,3,15,average_p4_influences_system_results,"('compression', 'window')",14.723702751100063,14.655311480164528,14.7920940220356,
True,p4,3,15,weighted_p4_influences_by_vif_system_results,"('compression', 'window')",19864262.59744795,19798511.76417072,19930013.430725183,
True,p4,3,20,weighted_p4_influences_by_functions_system_results,"('compression', 'window')",-213303331.9857441,-213407455.4182773,-213199208.5532109,
True,p4,3,20,weighted_p4_influences_by_functions_system_results,"('window',)",2430134535.440709,2430134136.052493,2430134934.8289247,
True,p4,3,20,weighted_p4_influences_by_functions_system_results,"('compression',)",-717924228.6735553,-717924783.256156,-717923674.0909545,
True,p4,3,20,average_p4_influences_system_results,"('compression', 'window')",-914.8656595125794,-914.9507700502874,-914.7805489748716,
True,p4,3,20,average_p4_influences_system_results,"('window',)",11978.928145716587,11978.928052723408,11978.928238709766,
True,p4,3,20,average_p4_influences_system_results,"('compression',)",-3822.544527744253,-3822.544656872749,-3822.5443986157575,
True,p4,3,20,weighted_p4_influences_by_vif_system_results,"('compression', 'window')",-213303331.9857441,-213407455.4182773,-213199208.5532109,
True,p4,3,20,weighted_p4_influences_by_vif_system_results,"('window',)",2430134535.440709,2430134136.052493,2430134934.8289247,
True,p4,3,20,weighted_p4_influences_by_vif_system_results,"('compression',)",-717924228.6735553,-717924783.256156,-717923674.0909545,
True,p4,3,25,weighted_p4_influences_by_functions_system_results,"('compression', 'window')",-220708755.11850443,-220881423.81066984,-220536086.42633903,
True,p4,3,25,weighted_p4_influences_by_functions_system_results,"('window',)",3263877506.799065,3263877506.7611938,3263877506.8369365,
True,p4,3,25,weighted_p4_influences_by_functions_system_results,"('compression',)",-845890010.9428983,-845890011.0677361,-845890010.8180604,
True,p4,3,25,average_p4_influences_system_results,"('compression', 'window')",-783.3976434146364,-783.6020433108013,-783.1932435184716,
True,p4,3,25,average_p4_influences_system_results,"('window',)",10393.683855762083,10393.683853030205,10393.683858493963,
True,p4,3,25,average_p4_influences_system_results,"('compression',)",-2608.617529069384,-2608.6175380746527,-2608.6175200641155,
True,p4,3,25,weighted_p4_influences_by_vif_system_results,"('compression', 'window')",-220708755.11850443,-220881423.81066984,-220536086.42633903,
True,p4,3,25,weighted_p4_influences_by_vif_system_results,"('window',)",3263877506.799065,3263877506.7611938,3263877506.8369365,
True,p4,3,25,weighted_p4_influences_by_vif_system_results,"('compression',)",-845890010.9428983,-845890011.0677361,-845890010.8180604,
True,p4,3,30,weighted_p4_influences_by_functions_system_results,"('compression', 'window')",-77550380.2079077,-78130508.66185296,-76970251.75396247,
True,p4,3,30,weighted_p4_influences_by_functions_system_results,"('window',)",1381093783.1939244,1380794331.4246376,1381393234.9632113,
True,p4,3,30,weighted_p4_influences_by_functions_system_results,"('compression',)",-2038063697.099274,-2044285709.601325,-2031841684.5972228,
True,p4,3,30,average_p4_influences_system_results,"('compression', 'window')",-388.7073945154747,-391.2744448184967,-386.1403442124526,
True,p4,3,30,average_p4_influences_system_results,"('window',)",5964.103066672882,5939.516739795606,5988.689393550158,
True,p4,3,30,average_p4_influences_system_results,"('compression',)",-7588.039643074076,-7598.9479847848415,-7577.13130136331,
True,p4,3,30,weighted_p4_influences_by_vif_system_results,"('compression', 'window')",-77550380.2079077,-78130508.66185296,-76970251.75396247,
True,p4,3,30,weighted_p4_influences_by_vif_system_results,"('window',)",1381093783.1939244,1380794331.4246376,1381393234.9632113,
True,p4,3,30,weighted_p4_influences_by_vif_system_results,"('compression',)",-2038063697.099274,-2044285709.601325,-2031841684.5972228,
True,p4,3,35,weighted_p4_influences_by_functions_system_results,"('compression', 'window')",-52144152.66356625,-52689026.27846625,-51599279.04866625,
True,p4,3,35,weighted_p4_influences_by_functions_system_results,"('window',)",1425288932.0135748,1421973795.745993,1428604068.2811568,
True,p4,3,35,weighted_p4_influences_by_functions_system_results,"('compression',)",-47712897.13468029,-48128957.95500248,-47296836.31435811,
True,p4,3,35,average_p4_influences_system_results,"('compression', 'window')",-265.5611723562082,-266.83741547664005,-264.2849292357763,
True,p4,3,35,average_p4_influences_system_results,"('window',)",4406.626288428903,4396.193732395767,4417.058844462037,
True,p4,3,35,average_p4_influences_system_results,"('compression',)",-399.09714762369794,-402.5773111979167,-395.6169840494792,
True,p4,3,35,weighted_p4_influences_by_vif_system_results,"('compression', 'window')",-52144152.66356625,-52689026.27846625,-51599279.04866625,
True,p4,3,35,weighted_p4_influences_by_vif_system_results,"('window',)",1425288932.0135748,1421973795.745993,1428604068.2811568,
True,p4,3,35,weighted_p4_influences_by_vif_system_results,"('compression',)",-47712897.13468029,-48128957.95500248,-47296836.31435811,
True,p4,3,40,weighted_p4_influences_by_functions_system_results,"('compression', 'window')",67200683.56393613,66524151.13934302,67877215.98852924,
True,p4,3,40,weighted_p4_influences_by_functions_system_results,"('compression',)",-46446268.16020465,-46884202.595504045,-46008333.724905245,
True,p4,3,40,average_p4_influences_system_results,"('compression', 'window')",123.03591656684875,122.42952964206538,123.64230349163216,
True,p4,3,40,average_p4_influences_system_results,"('compression',)",-388.5023600260416,-392.1654866536458,-384.8392333984375,
True,p4,3,40,weighted_p4_influences_by_vif_system_results,"('compression', 'window')",67200683.56393613,66524151.13934302,67877215.98852924,
True,p4,3,40,weighted_p4_influences_by_vif_system_results,"('compression',)",-46446268.16020465,-46884202.595504045,-46008333.724905245,
True,p4,3,45,weighted_p4_influences_by_functions_system_results,"('compression', 'window')",-40004390.49166621,-40333753.77251378,-39675027.21081865,
True,p4,3,45,weighted_p4_influences_by_functions_system_results,"('window',)",113813984.4501313,113417964.35952333,114210004.54073928,
True,p4,3,45,average_p4_influences_system_results,"('compression', 'window')",-106.95304435739914,-107.68225774665676,-106.22383096814154,
True,p4,3,45,average_p4_influences_system_results,"('window',)",2181.570810953776,2174.972737630208,2188.168884277344,
True,p4,3,45,weighted_p4_influences_by_vif_system_results,"('compression', 'window')",-40004390.49166621,-40333753.77251378,-39675027.21081865,
True,p4,3,45,weighted_p4_influences_by_vif_system_results,"('window',)",113813984.4501313,113417964.35952333,114210004.54073928,
True,p4,3,50,weighted_p4_influences_by_functions_system_results,"('compression', 'window')",-39963787.343889736,-40289529.11680096,-39638045.57097851,
True,p4,3,50,weighted_p4_influences_by_functions_system_results,"('window',)",113813984.4501313,113417964.35952333,114210004.54073928,
True,p4,3,50,average_p4_influences_system_results,"('compression', 'window')",-106.77589088926712,-107.49015277127428,-106.06162900726,
True,p4,3,50,average_p4_influences_system_results,"('window',)",2181.570810953776,2174.972737630208,2188.168884277344,
True,p4,3,50,weighted_p4_influences_by_vif_system_results,"('compression', 'window')",-39963787.343889736,-40289529.11680096,-39638045.57097851,
True,p4,3,50,weighted_p4_influences_by_vif_system_results,"('window',)",113813984.4501313,113417964.35952333,114210004.54073928,
True,p4,3,55,weighted_p4_influences_by_functions_system_results,"('compression',)",-3019507244.4484167,-3418937819.952612,-2620076668.944222,
True,p4,3,55,weighted_p4_influences_by_functions_system_results,"('compression', 'window')",147976142.10365722,129579960.74810132,166372323.45921314,
True,p4,3,55,weighted_p4_influences_by_functions_system_results,"('window',)",-576419589.0253243,-709194801.1131762,-443644376.93747246,
True,p4,3,55,average_p4_influences_system_results,"('compression',)",-2118.1497999827066,-2397.635974884033,-1838.66362508138,
True,p4,3,55,average_p4_influences_system_results,"('compression', 'window')",37.87362257887919,24.44393694400786,51.303308213750526,
True,p4,3,55,average_p4_influences_system_results,"('window',)",998.4209035833676,902.0023969610533,1094.839410205682,
True,p4,3,55,weighted_p4_influences_by_vif_system_results,"('compression',)",-3019507244.4484167,-3418937819.952612,-2620076668.944222,
True,p4,3,55,weighted_p4_influences_by_vif_system_results,"('compression', 'window')",147976142.10365722,129579960.74810132,166372323.45921314,
True,p4,3,55,weighted_p4_influences_by_vif_system_results,"('window',)",-576419589.0253243,-709194801.1131762,-443644376.93747246,
True,p4,3,60,weighted_p4_influences_by_functions_system_results,"('compression',)",-2836537900.665086,-2852690637.568325,-2820385163.7618465,
True,p4,3,60,weighted_p4_influences_by_functions_system_results,"('compression', 'window')",165771576.69857162,164914651.98837754,166628501.40876573,
True,p4,3,60,weighted_p4_influences_by_functions_system_results,"('window',)",-850050151.7435527,-855862238.2379404,-844238065.2491648,
True,p4,3,60,average_p4_influences_system_results,"('compression',)",-1990.611795425415,-2002.9357795715327,-1978.2878112792969,
True,p4,3,60,average_p4_influences_system_results,"('compression', 'window')",175.5166854461034,174.6234024663766,176.4099684258302,
True,p4,3,60,average_p4_influences_system_results,"('window',)",-586.8337419703603,-590.8462456613779,-582.8212382793427,
True,p4,3,60,weighted_p4_influences_by_vif_system_results,"('compression',)",-2836537900.665086,-2852690637.568325,-2820385163.7618465,
True,p4,3,60,weighted_p4_influences_by_vif_system_results,"('compression', 'window')",165771576.69857162,164914651.98837754,166628501.40876573,
True,p4,3,60,weighted_p4_influences_by_vif_system_results,"('window',)",-850050151.7435527,-855862238.2379404,-844238065.2491648,
True,p4,4,15,weighted_p4_influences_by_functions_system_results,"('window',)",-3555106518.1938715,-3566151468.3534527,-3544061568.03429,
True,p4,4,15,weighted_p4_influences_by_functions_system_results,"('compression', 'window')",279909540.6020833,276931161.547261,282887919.6569057,
True,p4,4,15,weighted_p4_influences_by_functions_system_results,"('compression',)",183249229.518544,182394529.1254832,184103929.9116048,
True,p4,4,15,average_p4_influences_system_results,"('window',)",-1097.8647333780923,-1102.1552330652871,-1093.5742336908977,
True,p4,4,15,average_p4_influences_system_results,"('compression', 'window')",96.62408033261696,95.53778974711896,97.71037091811498,
True,p4,4,15,average_p4_influences_system_results,"('compression',)",513.4657592773438,511.0708821614583,515.8606363932291,
True,p4,4,15,weighted_p4_influences_by_vif_system_results,"('window',)",-3555106518.1938715,-3566151468.3534527,-3544061568.03429,
True,p4,4,15,weighted_p4_influences_by_vif_system_results,"('compression', 'window')",279909540.6020833,276931161.547261,282887919.6569057,
True,p4,4,15,weighted_p4_influences_by_vif_system_results,"('compression',)",183249229.518544,182394529.1254832,184103929.9116048,
True,p4,4,20,weighted_p4_influences_by_functions_system_results,"('window',)",-4835772597.275794,-4844406744.271734,-4827138450.279854,
True,p4,4,20,weighted_p4_influences_by_functions_system_results,"('compression', 'window')",450511858.20598704,449408640.0223144,451615076.3896597,
True,p4,4,20,average_p4_influences_system_results,"('window',)",-1433.9198335011802,-1437.8710956573486,-1429.9685713450117,
True,p4,4,20,average_p4_influences_system_results,"('compression', 'window')",151.0629976304869,150.5494354888797,151.57655977209407,
True,p4,4,20,weighted_p4_influences_by_vif_system_results,"('window',)",-4835772597.275794,-4844406744.271734,-4827138450.279854,
True,p4,4,20,weighted_p4_influences_by_vif_system_results,"('compression', 'window')",450511858.20598704,449408640.0223144,451615076.3896597,
True,p4,4,25,weighted_p4_influences_by_functions_system_results,"('window',)",-2611605525.102394,-2622098513.7384205,-2601112536.4663672,
True,p4,4,25,weighted_p4_influences_by_functions_system_results,"('compression',)",5464476072.688601,5434258926.878396,5494693218.498806,
True,p4,4,25,weighted_p4_influences_by_functions_system_results,"('compression', 'window')",212107503.27555656,210731271.0447064,213483735.50640675,
True,p4,4,25,average_p4_influences_system_results,"('window',)",-921.7428276936214,-926.8583390712738,-916.6273163159688,
True,p4,4,25,average_p4_influences_system_results,"('compression',)",1289.491386850675,1280.0476395289104,1298.9351341724396,
True,p4,4,25,average_p4_influences_system_results,"('compression', 'window')",100.71993965903916,99.9886785050233,101.45120081305504,
True,p4,4,25,weighted_p4_influences_by_vif_system_results,"('window',)",-2611605525.102394,-2622098513.7384205,-2601112536.4663672,
True,p4,4,25,weighted_p4_influences_by_vif_system_results,"('compression',)",5464476072.688601,5434258926.878396,5494693218.498806,
True,p4,4,25,weighted_p4_influences_by_vif_system_results,"('compression', 'window')",212107503.27555656,210731271.0447064,213483735.50640675,
True,p4,4,30,weighted_p4_influences_by_functions_system_results,"('window',)",569026265.2781763,-1048177251.3452358,2186229781.9015884,
True,p4,4,30,weighted_p4_influences_by_functions_system_results,"('compression',)",11888871282.994217,8652311507.669638,15125431058.318798,
True,p4,4,30,weighted_p4_influences_by_functions_system_results,"('compression', 'window')",-87956589.04648618,-242718501.5255305,66805323.43255809,
True,p4,4,30,average_p4_influences_system_results,"('window',)",-140.7219602664312,-525.3741824626923,243.93026192982987,
True,p4,4,30,average_p4_influences_system_results,"('compression',)",2794.6660261948905,2028.457887649536,3560.874164740245,
True,p4,4,30,average_p4_influences_system_results,"('compression', 'window')",30.2804996992151,-6.634132449825604,67.1951318482558,
True,p4,4,30,weighted_p4_influences_by_vif_system_results,"('window',)",569026265.2781763,-1048177251.3452358,2186229781.9015884,
True,p4,4,30,weighted_p4_influences_by_vif_system_results,"('compression',)",11888871282.994217,8652311507.669638,15125431058.318798,
True,p4,4,30,weighted_p4_influences_by_vif_system_results,"('compression', 'window')",-87956589.04648618,-242718501.5255305,66805323.43255809,
True,p4,4,35,weighted_p4_influences_by_functions_system_results,"('window',)",-4403394292.327137,-4464456689.741878,-4342331894.912396,
True,p4,4,35,weighted_p4_influences_by_functions_system_results,"('compression',)",1710068212.6686778,1608948137.8483877,1811188287.488968,
True,p4,4,35,weighted_p4_influences_by_functions_system_results,"('compression', 'window')",399503088.0037346,393896548.251273,405109627.7561962,
True,p4,4,35,average_p4_influences_system_results,"('window',)",-1336.2657280564308,-1353.101794838905,-1319.4296612739563,
True,p4,4,35,average_p4_influences_system_results,"('compression',)",395.4188179175059,370.8027518590292,420.03488397598267,
True,p4,4,35,average_p4_influences_system_results,"('compression', 'window')",144.78298742075762,143.112503161033,146.45347168048224,
True,p4,4,35,weighted_p4_influences_by_vif_system_results,"('window',)",-4403394292.327137,-4464456689.741878,-4342331894.912396,
True,p4,4,35,weighted_p4_influences_by_vif_system_results,"('compression',)",1710068212.6686778,1608948137.8483877,1811188287.488968,
True,p4,4,35,weighted_p4_influences_by_vif_system_results,"('compression', 'window')",399503088.0037346,393896548.251273,405109627.7561962,
True,p4,4,40,weighted_p4_influences_by_functions_system_results,"('compression', 'window')",244667316.86924425,243029703.11495668,246304930.62353185,
True,p4,4,40,weighted_p4_influences_by_functions_system_results,"('window',)",-2757676580.997961,-2770855823.482433,-2744497338.51349,
True,p4,4,40,weighted_p4_influences_by_functions_system_results,"('compression',)",5538158242.23819,5503121797.706712,5573194686.769669,
True,p4,4,40,average_p4_influences_system_results,"('compression', 'window')",106.39865922927856,105.57798341910043,107.2193350394567,
True,p4,4,40,average_p4_influences_system_results,"('window',)",-952.9074978431064,-958.464813232422,-947.3501824537911,
True,p4,4,40,average_p4_influences_system_results,"('compression',)",1235.781512180964,1224.3459339141846,1247.2170904477437,
True,p4,4,40,weighted_p4_influences_by_vif_system_results,"('compression', 'window')",244667316.86924425,243029703.11495668,246304930.62353185,
True,p4,4,40,weighted_p4_influences_by_vif_system_results,"('window',)",-2757676580.997961,-2770855823.482433,-2744497338.51349,
True,p4,4,40,weighted_p4_influences_by_vif_system_results,"('compression',)",5538158242.23819,5503121797.706712,5573194686.769669,
True,p4,4,45,weighted_p4_influences_by_functions_system_results,"('compression', 'window')",71877013.36949241,71350168.18023476,72403858.55875006,
True,p4,4,45,weighted_p4_influences_by_functions_system_results,"('window',)",-20790154.725422204,-21017834.41820238,-20562475.03264202,
True,p4,4,45,weighted_p4_influences_by_functions_system_results,"('compression',)",-73272044.75886765,-74012695.13981579,-72531394.3779195,
True,p4,4,45,average_p4_influences_system_results,"('compression', 'window')",117.31373191221309,116.65603759884834,117.9714262255778,
True,p4,4,45,average_p4_influences_system_results,"('window',)",-173.900390625,-175.8048299153646,-171.9959513346354,
True,p4,4,45,average_p4_influences_system_results,"('compression',)",-612.8880411783855,-619.083251953125,-606.6928304036459,
True,p4,4,45,weighted_p4_influences_by_vif_system_results,"('compression', 'window')",71877013.36949241,71350168.18023476,72403858.55875006,
True,p4,4,45,weighted_p4_influences_by_vif_system_results,"('window',)",-20790154.725422204,-21017834.41820238,-20562475.03264202,
True,p4,4,45,weighted_p4_influences_by_vif_system_results,"('compression',)",-73272044.75886765,-74012695.13981579,-72531394.3779195,
True,p4,4,50,weighted_p4_influences_by_functions_system_results,"('window',)",-334537483.83576286,-337780088.5798409,-331294879.0916849,
True,p4,4,50,weighted_p4_influences_by_functions_system_results,"('compression', 'window')",91282689.33166672,90709270.14409316,91856108.51924026,
True,p4,4,50,weighted_p4_influences_by_functions_system_results,"('compression',)",-101091739.15833116,-101910546.4246416,-100272931.89202076,
True,p4,4,50,average_p4_influences_system_results,"('window',)",-227.31013743082684,-229.7732842763265,-224.84699058532715,
True,p4,4,50,average_p4_influences_system_results,"('compression', 'window')",128.6434041693186,127.98649699489276,129.3003113437444,
True,p4,4,50,average_p4_influences_system_results,"('compression',)",-845.58740234375,-852.4363606770834,-838.7384440104166,
True,p4,4,50,weighted_p4_influences_by_vif_system_results,"('window',)",-334537483.83576286,-337780088.5798409,-331294879.0916849,
True,p4,4,50,weighted_p4_influences_by_vif_system_results,"('compression', 'window')",91282689.33166672,90709270.14409316,91856108.51924026,
True,p4,4,50,weighted_p4_influences_by_vif_system_results,"('compression',)",-101091739.15833116,-101910546.4246416,-100272931.89202076,
True,p4,4,55,weighted_p4_influences_by_functions_system_results,"('window',)",-360581439.7500595,-364193442.0221481,-356969437.47797084,
True,p4,4,55,weighted_p4_influences_by_functions_system_results,"('compression', 'window')",91973658.7674031,91345459.03943682,92601858.49536936,
True,p4,4,55,weighted_p4_influences_by_functions_system_results,"('compression',)",-105532844.30655496,-106461990.13283718,-104603698.48027276,
True,p4,4,55,average_p4_influences_system_results,"('window',)",-245.4639663696289,-248.18460019429529,-242.74333254496256,
True,p4,4,55,average_p4_influences_system_results,"('compression', 'window')",176.34539333389452,175.57380422484133,177.11698244294772,
True,p4,4,55,average_p4_influences_system_results,"('compression',)",-882.7352701822917,-890.5071614583334,-874.96337890625,
True,p4,4,55,weighted_p4_influences_by_vif_system_results,"('window',)",-360581439.7500595,-364193442.0221481,-356969437.47797084,
True,p4,4,55,weighted_p4_influences_by_vif_system_results,"('compression', 'window')",91973658.7674031,91345459.03943682,92601858.49536936,
True,p4,4,55,weighted_p4_influences_by_vif_system_results,"('compression',)",-105532844.30655496,-106461990.13283718,-104603698.48027276,
True,p4,4,60,weighted_p4_influences_by_functions_system_results,"('window',)",-792425144.1140041,-815315911.7240887,-769534376.5039195,
True,p4,4,60,weighted_p4_influences_by_functions_system_results,"('compression', 'window')",165653682.1403028,162347204.00938022,168960160.2712254,
True,p4,4,60,weighted_p4_influences_by_functions_system_results,"('compression',)",-229026356.37055773,-234738500.24127823,-223314212.4998372,
True,p4,4,60,average_p4_influences_system_results,"('window',)",-546.4787877400715,-562.6376031239828,-530.3199723561604,
True,p4,4,60,average_p4_influences_system_results,"('compression', 'window')",223.6339605481674,220.98821393524605,226.2797071610888,
True,p4,4,60,average_p4_influences_system_results,"('compression',)",-1915.7035319010413,-1963.4830729166667,-1867.9239908854167,
True,p4,4,60,weighted_p4_influences_by_vif_system_results,"('window',)",-792425144.1140041,-815315911.7240887,-769534376.5039195,
True,p4,4,60,weighted_p4_influences_by_vif_system_results,"('compression', 'window')",165653682.1403028,162347204.00938022,168960160.2712254,
True,p4,4,60,weighted_p4_influences_by_vif_system_results,"('compression',)",-229026356.37055773,-234738500.24127823,-223314212.4998372,
True,p4,5,15,weighted_p4_influences_by_functions_system_results,"('compression', 'window')",70472691.62477708,70380486.86097561,70564896.38857856,
True,p4,5,15,average_p4_influences_system_results,"('compression', 'window')",264.19022525350255,263.850255916516,264.5301945904891,
True,p4,5,15,weighted_p4_influences_by_vif_system_results,"('compression', 'window')",70472691.62477708,70380486.86097561,70564896.38857856,
True,p4,5,20,weighted_p4_influences_by_functions_system_results,"('window',)",33145719.792758577,31761456.75533679,34529982.83018036,
True,p4,5,20,weighted_p4_influences_by_functions_system_results,"('compression', 'window')",79131787.00645155,78860070.0804604,79403503.93244268,
True,p4,5,20,average_p4_influences_system_results,"('window',)",27.56578063964844,26.51085662841797,28.620704650878903,
True,p4,5,20,average_p4_influences_system_results,"('compression', 'window')",270.75752825538314,270.0719179709753,271.44313853979105,
True,p4,5,20,weighted_p4_influences_by_vif_system_results,"('window',)",33145719.792758577,31761456.75533679,34529982.83018036,
True,p4,5,20,weighted_p4_influences_by_vif_system_results,"('compression', 'window')",79131787.00645155,78860070.0804604,79403503.93244268,
True,p4,5,25,weighted_p4_influences_by_functions_system_results,"('window',)",4.461700439453125,4.371671040852864,4.551729838053386,
True,p4,5,25,weighted_p4_influences_by_functions_system_results,"('compression', 'window')",45126698.47970791,44945289.31422835,45308107.64518747,
True,p4,5,25,average_p4_influences_system_results,"('window',)",4.461700439453125,4.371671040852864,4.551729838053386,
True,p4,5,25,average_p4_influences_system_results,"('compression', 'window')",124.2155180623134,123.812027156353,124.61900896827382,
True,p4,5,25,weighted_p4_influences_by_vif_system_results,"('window',)",4.461700439453125,4.371671040852864,4.551729838053386,
True,p4,5,25,weighted_p4_influences_by_vif_system_results,"('compression', 'window')",45126698.47970791,44945289.31422835,45308107.64518747,
True,p4,5,30,weighted_p4_influences_by_functions_system_results,"('window',)",4.201762199401856,3.8388849894205728,4.564639409383138,
True,p4,5,30,weighted_p4_influences_by_functions_system_results,"('compression', 'window')",35615908.08894372,35454638.99006048,35777177.18782697,
True,p4,5,30,average_p4_influences_system_results,"('window',)",4.201762199401856,3.8388849894205728,4.564639409383138,
True,p4,5,30,average_p4_influences_system_results,"('compression', 'window')",80.82709018389383,80.50923526287079,81.14494510491689,
True,p4,5,30,weighted_p4_influences_by_vif_system_results,"('window',)",4.201762199401856,3.8388849894205728,4.564639409383138,
True,p4,5,30,weighted_p4_influences_by_vif_system_results,"('compression', 'window')",35615908.08894372,35454638.99006048,35777177.18782697,
True,p4,5,35,weighted_p4_influences_by_functions_system_results,"('window',)",4.201762199401856,3.8388849894205728,4.564639409383138,
True,p4,5,35,weighted_p4_influences_by_functions_system_results,"('compression', 'window')",23564008.592059463,23451265.95117224,23676751.23294669,
True,p4,5,35,average_p4_influences_system_results,"('window',)",4.201762199401856,3.8388849894205728,4.564639409383138,
True,p4,5,35,average_p4_influences_system_results,"('compression', 'window')",43.06531653304895,42.841677367687225,43.28895569841068,
True,p4,5,35,weighted_p4_influences_by_vif_system_results,"('window',)",4.201762199401856,3.8388849894205728,4.564639409383138,
True,p4,5,35,weighted_p4_influences_by_vif_system_results,"('compression', 'window')",23564008.592059463,23451265.95117224,23676751.23294669,
True,p4,5,40,weighted_p4_influences_by_functions_system_results,"('window',)",5.012261231740316,4.720176378885905,5.304346084594727,
True,p4,5,40,weighted_p4_influences_by_functions_system_results,"('compression', 'window')",39066981.37576056,38896041.73041446,39237921.021106645,
True,p4,5,40,average_p4_influences_system_results,"('window',)",5.012261231740316,4.720176378885905,5.304346084594727,
True,p4,5,40,average_p4_influences_system_results,"('compression', 'window')",90.44713013370831,90.05074095726013,90.8435193101565,
True,p4,5,40,weighted_p4_influences_by_vif_system_results,"('window',)",5.012261231740316,4.720176378885905,5.304346084594727,
True,p4,5,40,weighted_p4_influences_by_vif_system_results,"('compression', 'window')",39066981.37576056,38896041.73041446,39237921.021106645,
True,p4,5,45,weighted_p4_influences_by_functions_system_results,"('window',)",5.012261231740316,4.720176378885905,5.304346084594727,
True,p4,5,45,weighted_p4_influences_by_functions_system_results,"('compression', 'window')",25745034.1139034,25620389.08106183,25869679.146744967,
True,p4,5,45,average_p4_influences_system_results,"('window',)",5.012261231740316,4.720176378885905,5.304346084594727,
True,p4,5,45,average_p4_influences_system_results,"('compression', 'window')",59.65640058120091,59.35351073741912,59.959290424982704,
True,p4,5,45,weighted_p4_influences_by_vif_system_results,"('window',)",5.012261231740316,4.720176378885905,5.304346084594727,
True,p4,5,45,weighted_p4_influences_by_vif_system_results,"('compression', 'window')",25745034.1139034,25620389.08106183,25869679.146744967,
True,p4,5,50,weighted_p4_influences_by_functions_system_results,"('window',)",5.012261231740316,4.720176378885905,5.304346084594727,
True,p4,5,50,weighted_p4_influences_by_functions_system_results,"('compression', 'window')",51982142.18568981,50938645.26502632,53025639.10635331,
True,p4,5,50,weighted_p4_influences_by_functions_system_results,"('compression',)",-1497519482.3518243,-1663429663.303682,-1331609301.3999672,
True,p4,5,50,average_p4_influences_system_results,"('window',)",5.012261231740316,4.720176378885905,5.304346084594727,
True,p4,5,50,average_p4_influences_system_results,"('compression', 'window')",135.45064435899258,131.45250187317532,139.44878684480986,
True,p4,5,50,average_p4_influences_system_results,"('compression',)",-5578.099007368088,-5954.985862006743,-5201.212152729432,
True,p4,5,50,weighted_p4_influences_by_vif_system_results,"('window',)",5.012261231740316,4.720176378885905,5.304346084594727,
True,p4,5,50,weighted_p4_influences_by_vif_system_results,"('compression', 'window')",51982142.18568981,50938645.26502632,53025639.10635331,
True,p4,5,50,weighted_p4_influences_by_vif_system_results,"('compression',)",-1497519482.3518243,-1663429663.303682,-1331609301.3999672,
True,p4,5,55,weighted_p4_influences_by_functions_system_results,"('compression', 'window')",55650892.86897358,55428806.19225695,55872979.54569021,
True,p4,5,55,weighted_p4_influences_by_functions_system_results,"('compression',)",-1698937357.1162722,-1791958436.5912275,-1605916277.641317,
True,p4,5,55,average_p4_influences_system_results,"('compression', 'window')",200.85111796359223,200.1021089603504,201.60012696683407,
True,p4,5,55,average_p4_influences_system_results,"('compression',)",-7761.089303190511,-8329.491833597423,-7192.686772783598,
True,p4,5,55,weighted_p4_influences_by_vif_system_results,"('compression', 'window')",55650892.86897358,55428806.19225695,55872979.54569021,
True,p4,5,55,weighted_p4_influences_by_vif_system_results,"('compression',)",-1698937357.1162722,-1791958436.5912275,-1605916277.641317,
True,p4,5,60,weighted_p4_influences_by_functions_system_results,"('window',)",-596772586.7302432,-602081343.5971828,-591463829.8633037,
True,p4,5,60,weighted_p4_influences_by_functions_system_results,"('compression', 'window')",151000147.53324747,150084057.97167248,151916237.09482244,
True,p4,5,60,weighted_p4_influences_by_functions_system_results,"('compression',)",-3799887824.434629,-3910011386.194403,-3689764262.674853,
True,p4,5,60,average_p4_influences_system_results,"('window',)",-405.0497339566549,-409.6442880630493,-400.4551798502605,
True,p4,5,60,average_p4_influences_system_results,"('compression', 'window')",268.00116884708405,266.7222276280324,269.28011006613576,
True,p4,5,60,average_p4_influences_system_results,"('compression',)",-9211.533313607177,-9791.74297292034,-8631.323654294014,
True,p4,5,60,weighted_p4_influences_by_vif_system_results,"('window',)",-596772586.7302432,-602081343.5971828,-591463829.8633037,
True,p4,5,60,weighted_p4_influences_by_vif_system_results,"('compression', 'window')",151000147.53324747,150084057.97167248,151916237.09482244,
True,p4,5,60,weighted_p4_influences_by_vif_system_results,"('compression',)",-3799887824.434629,-3910011386.194403,-3689764262.674853,
True,p4,6,15,weighted_p4_influences_by_functions_system_results,"('window',)",21302.986388988407,16556.832866669913,26049.1399113069,
True,p4,6,15,weighted_p4_influences_by_functions_system_results,"('compression', 'window')",21300799.696924776,21163084.91465388,21438514.479195666,
True,p4,6,15,average_p4_influences_system_results,"('window',)",1.5367061297098796,1.1943389574686687,1.8790733019510903,
True,p4,6,15,average_p4_influences_system_results,"('compression', 'window')",18.8696401330332,18.65391190846761,19.08536835759878,
True,p4,6,15,weighted_p4_influences_by_vif_system_results,"('window',)",21302.986388988407,16556.832866669913,26049.1399113069,
True,p4,6,15,weighted_p4_influences_by_vif_system_results,"('compression', 'window')",21300799.696924776,21163084.91465388,21438514.479195666,
True,p4,6,20,weighted_p4_influences_by_functions_system_results,"('compression',)",-3479154807.113729,-6263534716.162305,-694774898.0651544,
True,p4,6,20,weighted_p4_influences_by_functions_system_results,"('compression', 'window')",77823206.54661873,-90958874.0965598,246605287.18979728,
True,p4,6,20,weighted_p4_influences_by_functions_system_results,"('window',)",692224325.5154307,551248402.6637311,833200248.3671302,
True,p4,6,20,average_p4_influences_system_results,"('compression',)",-20260.987211088337,-37672.870090295866,-2849.104331880808,
True,p4,6,20,average_p4_influences_system_results,"('compression', 'window')",537.6874465290457,-515.9075947776437,1591.282487835735,
True,p4,6,20,average_p4_influences_system_results,"('window',)",-4431.221048990885,-15395.328247070312,6532.886149088542,
True,p4,6,20,weighted_p4_influences_by_vif_system_results,"('compression',)",-3479154807.113729,-6263534716.162305,-694774898.0651544,
True,p4,6,20,weighted_p4_influences_by_vif_system_results,"('compression', 'window')",77823206.54661873,-90958874.0965598,246605287.18979728,
True,p4,6,20,weighted_p4_influences_by_vif_system_results,"('window',)",692224325.5154307,551248402.6637311,833200248.3671302,
True,p4,6,25,weighted_p4_influences_by_functions_system_results,"('window',)",1302374204.0970309,1298762356.000309,1305986052.1937528,
True,p4,6,25,weighted_p4_influences_by_functions_system_results,"('compression',)",-551653763.641274,-552609175.3206277,-550698351.9619201,
True,p4,6,25,weighted_p4_influences_by_functions_system_results,"('compression', 'window')",-68195125.849752,-68691099.50115007,-67699152.19835392,
True,p4,6,25,average_p4_influences_system_results,"('window',)",4454.346979202082,4442.199437807005,4466.49452059716,
True,p4,6,25,average_p4_influences_system_results,"('compression',)",-1893.421354810397,-1896.600579579672,-1890.2421300411224,
True,p4,6,25,average_p4_influences_system_results,"('compression', 'window')",-309.37548012534774,-310.6287444184224,-308.1222158322731,
True,p4,6,25,weighted_p4_influences_by_vif_system_results,"('window',)",1302374204.0970309,1298762356.000309,1305986052.1937528,
True,p4,6,25,weighted_p4_influences_by_vif_system_results,"('compression',)",-551653763.641274,-552609175.3206277,-550698351.9619201,
True,p4,6,25,weighted_p4_influences_by_vif_system_results,"('compression', 'window')",-68195125.849752,-68691099.50115007,-67699152.19835392,
True,p4,6,30,weighted_p4_influences_by_functions_system_results,"('compression',)",-4614711038.95657,-4708447243.383736,-4520974834.529403,
True,p4,6,30,weighted_p4_influences_by_functions_system_results,"('compression', 'window')",72972040.05117145,70946804.82737845,74997275.27496447,
True,p4,6,30,weighted_p4_influences_by_functions_system_results,"('window',)",-1671.0042936265586,-1680.1246873540529,-1661.8838998990643,
True,p4,6,30,average_p4_influences_system_results,"('compression',)",-15888.707051773865,-16400.64250215888,-15376.771601388851,
True,p4,6,30,average_p4_influences_system_results,"('compression', 'window')",150.99589974184835,140.83500674615306,161.1567927375436,
True,p4,6,30,average_p4_influences_system_results,"('window',)",-0.0402890543142954,-0.0405089532335599,-0.0400691553950309,
True,p4,6,30,weighted_p4_influences_by_vif_system_results,"('compression',)",-4614711038.95657,-4708447243.383736,-4520974834.529403,
True,p4,6,30,weighted_p4_influences_by_vif_system_results,"('compression', 'window')",72972040.05117145,70946804.82737845,74997275.27496447,
True,p4,6,30,weighted_p4_influences_by_vif_system_results,"('window',)",-1671.0042936265586,-1680.1246873540529,-1661.8838998990643,
True,p4,6,35,weighted_p4_influences_by_functions_system_results,"('compression',)",-4148835680.6521416,-4236911150.987312,-4060760210.316971,
True,p4,6,35,weighted_p4_influences_by_functions_system_results,"('compression', 'window')",54629475.921957776,52742816.69909096,56516135.1448246,
True,p4,6,35,weighted_p4_influences_by_functions_system_results,"('window',)",-1671.0042936265586,-1680.1246873540529,-1661.8838998990643,
True,p4,6,35,average_p4_influences_system_results,"('compression',)",-15567.078277766705,-16075.10569795966,-15059.050857573748,
True,p4,6,35,average_p4_influences_system_results,"('compression', 'window')",138.33264913658303,128.26742556939524,148.39787270377082,
True,p4,6,35,average_p4_influences_system_results,"('window',)",-0.0402890543142954,-0.0405089532335599,-0.0400691553950309,
True,p4,6,35,weighted_p4_influences_by_vif_system_results,"('compression',)",-4148835680.6521416,-4236911150.987312,-4060760210.316971,
True,p4,6,35,weighted_p4_influences_by_vif_system_results,"('compression', 'window')",54629475.921957776,52742816.69909096,56516135.1448246,
True,p4,6,35,weighted_p4_influences_by_vif_system_results,"('window',)",-1671.0042936265586,-1680.1246873540529,-1661.8838998990643,
True,p4,6,40,weighted_p4_influences_by_functions_system_results,"('window',)",416283664.9455387,-65319639.38789761,897886969.278975,
True,p4,6,40,weighted_p4_influences_by_functions_system_results,"('compression',)",-2947636297.741081,-4372671137.121658,-1522601458.3605037,
True,p4,6,40,weighted_p4_influences_by_functions_system_results,"('compression', 'window')",51277075.33110226,-14283770.52079974,116837921.18300426,
True,p4,6,40,average_p4_influences_system_results,"('window',)",3295.856647277872,2504.605637053649,4087.107657502096,
True,p4,6,40,average_p4_influences_system_results,"('compression',)",-4878.3868522793055,-6667.889322131873,-3088.8843824267387,
True,p4,6,40,average_p4_influences_system_results,"('compression', 'window')",-153.99771624803543,-243.00515953699747,-64.9902729590734,
True,p4,6,40,weighted_p4_influences_by_vif_system_results,"('window',)",416283664.9455387,-65319639.38789761,897886969.278975,
True,p4,6,40,weighted_p4_influences_by_vif_system_results,"('compression',)",-2947636297.741081,-4372671137.121658,-1522601458.3605037,
True,p4,6,40,weighted_p4_influences_by_vif_system_results,"('compression', 'window')",51277075.33110226,-14283770.52079974,116837921.18300426,
True,p4,6,45,weighted_p4_influences_by_functions_system_results,"('window',)",-404774554.0723895,-1884992099.6203923,1075442991.4756134,
True,p4,6,45,weighted_p4_influences_by_functions_system_results,"('compression',)",-3866831272.9370174,-6481362316.412487,-1252300229.4615502,
True,p4,6,45,weighted_p4_influences_by_functions_system_results,"('compression', 'window')",107132195.91311668,-34996926.63886371,249261318.46509707,
True,p4,6,45,average_p4_influences_system_results,"('window',)",-4364.57909340784,-13144.16474569092,4415.006558875243,
True,p4,6,45,average_p4_influences_system_results,"('compression',)",-18511.14597504338,-34004.530547599,-3017.761402487756,
True,p4,6,45,average_p4_influences_system_results,"('compression', 'window')",555.4732021068534,-286.11748118201893,1397.0638853957255,
True,p4,6,45,weighted_p4_influences_by_vif_system_results,"('window',)",-404774554.0723895,-1884992099.6203923,1075442991.4756134,
True,p4,6,45,weighted_p4_influences_by_vif_system_results,"('compression',)",-3866831272.9370174,-6481362316.412487,-1252300229.4615502,
True,p4,6,45,weighted_p4_influences_by_vif_system_results,"('compression', 'window')",107132195.91311668,-34996926.63886371,249261318.46509707,
True,p4,6,50,weighted_p4_influences_by_functions_system_results,"('window',)",859942715.6791089,849774991.2975584,870110440.0606594,
True,p4,6,50,weighted_p4_influences_by_functions_system_results,"('compression',)",-1023986840.3975904,-1042358563.4205914,-1005615117.3745896,
True,p4,6,50,weighted_p4_influences_by_functions_system_results,"('compression', 'window')",-24223000.36893434,-25482292.23017409,-22963708.507694587,
True,p4,6,50,average_p4_influences_system_results,"('window',)",2904.478063775847,2866.921861807505,2942.0342657441893,
True,p4,6,50,average_p4_influences_system_results,"('compression',)",-1690.9501826067765,-1750.5542821983497,-1631.3460830152032,
True,p4,6,50,average_p4_influences_system_results,"('compression', 'window')",-195.90293218692145,-199.842944547534,-191.96291982630888,
True,p4,6,50,weighted_p4_influences_by_vif_system_results,"('window',)",859942715.6791089,849774991.2975584,870110440.0606594,
True,p4,6,50,weighted_p4_influences_by_vif_system_results,"('compression',)",-1023986840.3975904,-1042358563.4205914,-1005615117.3745896,
True,p4,6,50,weighted_p4_influences_by_vif_system_results,"('compression', 'window')",-24223000.36893434,-25482292.23017409,-22963708.507694587,
True,p4,6,55,weighted_p4_influences_by_functions_system_results,"('window',)",137265862.19115144,123385297.42427395,151146426.9580289,
True,p4,6,55,weighted_p4_influences_by_functions_system_results,"('compression',)",-3190236076.4748774,-3218414502.832191,-3162057650.1175632,
True,p4,6,55,weighted_p4_influences_by_functions_system_results,"('compression', 'window')",73546478.82763936,71833650.43916166,75259307.21611705,
True,p4,6,55,average_p4_influences_system_results,"('window',)",2405.5599170066416,2365.4404622713723,2445.6793717419105,
True,p4,6,55,average_p4_influences_system_results,"('compression',)",-3186.4748408099013,-3252.849244763453,-3120.100436856349,
True,p4,6,55,average_p4_influences_system_results,"('compression', 'window')",-128.4053125580152,-132.6584352701903,-124.15218984584013,
True,p4,6,55,weighted_p4_influences_by_vif_system_results,"('window',)",137265862.19115144,123385297.42427395,151146426.9580289,
True,p4,6,55,weighted_p4_influences_by_vif_system_results,"('compression',)",-3190236076.4748774,-3218414502.832191,-3162057650.1175632,
True,p4,6,55,weighted_p4_influences_by_vif_system_results,"('compression', 'window')",73546478.82763936,71833650.43916166,75259307.21611705,
True,p4,6,60,weighted_p4_influences_by_functions_system_results,"('compression',)",-3652325574.506758,-3909453211.1930537,-3395197937.8204627,
True,p4,6,60,weighted_p4_influences_by_functions_system_results,"('compression', 'window')",54334163.73805847,39591276.365825534,69077051.1102914,
True,p4,6,60,weighted_p4_influences_by_functions_system_results,"('window',)",294179510.9842194,273790158.91870856,314568863.0497302,
True,p4,6,60,average_p4_influences_system_results,"('compression',)",-5826.092614551386,-7329.15060304602,-4323.03462605675,
True,p4,6,60,average_p4_influences_system_results,"('compression', 'window')",-216.56302887698013,-303.0656945208708,-130.06036323308945,
True,p4,6,60,average_p4_influences_system_results,"('window',)",3960.512981527795,3054.6902225837107,4866.33574047188,
True,p4,6,60,weighted_p4_influences_by_vif_system_results,"('compression',)",-3652325574.506758,-3909453211.1930537,-3395197937.8204627,
True,p4,6,60,weighted_p4_influences_by_vif_system_results,"('compression', 'window')",54334163.73805847,39591276.365825534,69077051.1102914,
True,p4,6,60,weighted_p4_influences_by_vif_system_results,"('window',)",294179510.9842194,273790158.91870856,314568863.0497302,
True,p4,7,15,weighted_p4_influences_by_functions_system_results,"('window',)",-6462428541.863333,-6480839147.349292,-6444017936.377375,
True,p4,7,15,weighted_p4_influences_by_functions_system_results,"('compression', 'window')",631227819.4341986,629186145.9571923,633269492.9112049,
True,p4,7,15,weighted_p4_influences_by_functions_system_results,"('compression',)",59223255.624634095,59070167.15447962,59376344.094788566,
True,p4,7,15,average_p4_influences_system_results,"('window',)",-1825.1390565236409,-1830.9766273498533,-1819.301485697428,
True,p4,7,15,average_p4_influences_system_results,"('compression', 'window')",183.69147153695425,182.99545546372727,184.38748761018115,
True,p4,7,15,average_p4_influences_system_results,"('compression',)",165.94402058919272,165.51506551106772,166.37297566731772,
True,p4,7,15,weighted_p4_influences_by_vif_system_results,"('window',)",-6462428541.863333,-6480839147.349292,-6444017936.377375,
True,p4,7,15,weighted_p4_influences_by_vif_system_results,"('compression', 'window')",631227819.4341986,629186145.9571923,633269492.9112049,
True,p4,7,15,weighted_p4_influences_by_vif_system_results,"('compression',)",59223255.624634095,59070167.15447962,59376344.094788566,
True,p4,7,20,weighted_p4_influences_by_functions_system_results,"('window',)",-6871735455.681154,-6885163042.944933,-6858307868.417375,
True,p4,7,20,weighted_p4_influences_by_functions_system_results,"('compression', 'window')",685075047.014606,683459482.8092576,686690611.2199544,
True,p4,7,20,average_p4_influences_system_results,"('window',)",-1902.930257956187,-1908.241623878479,-1897.618892033895,
True,p4,7,20,average_p4_influences_system_results,"('compression', 'window')",201.77192414800325,201.0401327212652,202.50371557474136,
True,p4,7,20,weighted_p4_influences_by_vif_system_results,"('window',)",-6871735455.681154,-6885163042.944933,-6858307868.417375,
True,p4,7,20,weighted_p4_influences_by_vif_system_results,"('compression', 'window')",685075047.014606,683459482.8092576,686690611.2199544,
True,p4,7,25,weighted_p4_influences_by_functions_system_results,"('window',)",-8079689573.5163,-8110367342.186155,-8049011804.846446,
True,p4,7,25,weighted_p4_influences_by_functions_system_results,"('compression', 'window')",857275139.2241739,853446715.8622484,861103562.5860994,
True,p4,7,25,weighted_p4_influences_by_functions_system_results,"('compression',)",-297741292.60978955,-299296004.85253125,-296186580.36704785,
True,p4,7,25,average_p4_influences_system_results,"('window',)",-2738.473738670349,-2751.6921030680337,-2725.2553742726645,
True,p4,7,25,average_p4_influences_system_results,"('compression', 'window')",320.5643298923969,318.82113456726074,322.3075252175331,
True,p4,7,25,average_p4_influences_system_results,"('compression',)",-2490.473388671875,-2503.477864583333,-2477.4689127604165,
True,p4,7,25,weighted_p4_influences_by_vif_system_results,"('window',)",-8079689573.5163,-8110367342.186155,-8049011804.846446,
True,p4,7,25,weighted_p4_influences_by_vif_system_results,"('compression', 'window')",857275139.2241739,853446715.8622484,861103562.5860994,
True,p4,7,25,weighted_p4_influences_by_vif_system_results,"('compression',)",-297741292.60978955,-299296004.85253125,-296186580.36704785,
True,p4,7,30,weighted_p4_influences_by_functions_system_results,"('compression', 'window')",153076648.52799034,152311775.24714437,153841521.80883634,
True,p4,7,30,weighted_p4_influences_by_functions_system_results,"('window',)",-75300069.14510882,-75719148.44159988,-74880989.84861776,
True,p4,7,30,weighted_p4_influences_by_functions_system_results,"('compression',)",-240021305.4017444,-241319332.8523393,-238723277.9511494,
True,p4,7,30,average_p4_influences_system_results,"('compression', 'window')",111.3958443403244,110.81832551956175,111.97336316108704,
True,p4,7,30,average_p4_influences_system_results,"('window',)",-629.8515625,-633.3569742838541,-626.3461507161459,
True,p4,7,30,average_p4_influences_system_results,"('compression',)",-2007.67138671875,-2018.52880859375,-1996.81396484375,
True,p4,7,30,weighted_p4_influences_by_vif_system_results,"('compression', 'window')",153076648.52799034,152311775.24714437,153841521.80883634,
True,p4,7,30,weighted_p4_influences_by_vif_system_results,"('window',)",-75300069.14510882,-75719148.44159988,-74880989.84861776,
True,p4,7,30,weighted_p4_influences_by_vif_system_results,"('compression',)",-240021305.4017444,-241319332.8523393,-238723277.9511494,
True,p4,7,35,weighted_p4_influences_by_functions_system_results,"('compression', 'window')",65921378.08983824,65645270.02621353,66197486.15346295,
True,p4,7,35,average_p4_influences_system_results,"('compression', 'window')",203.543560424742,202.9893425509024,204.0977782985816,
True,p4,7,35,weighted_p4_influences_by_vif_system_results,"('compression', 'window')",65921378.08983824,65645270.02621353,66197486.15346295,
True,p4,7,40,weighted_p4_influences_by_functions_system_results,"('compression', 'window')",62707038.78437237,52441663.08529576,72972414.483449,
True,p4,7,40,weighted_p4_influences_by_functions_system_results,"('compression',)",-2649744260.219322,-2936064535.9034486,-2363423984.535196,
True,p4,7,40,weighted_p4_influences_by_functions_system_results,"('window',)",-3745390.647218412,-11323629.049600612,3832847.755163788,
True,p4,7,40,average_p4_influences_system_results,"('compression', 'window')",215.10073264936608,150.33712313572568,279.8643421630065,
True,p4,7,40,average_p4_influences_system_results,"('compression',)",-9928.550864872832,-11278.08440804978,-8579.017321695885,
True,p4,7,40,average_p4_influences_system_results,"('window',)",-365.3356811404228,-988.1011832356452,257.42982095479965,
True,p4,7,40,weighted_p4_influences_by_vif_system_results,"('compression', 'window')",62707038.78437237,52441663.08529576,72972414.483449,
True,p4,7,40,weighted_p4_influences_by_vif_system_results,"('compression',)",-2649744260.219322,-2936064535.9034486,-2363423984.535196,
True,p4,7,40,weighted_p4_influences_by_vif_system_results,"('window',)",-3745390.647218412,-11323629.049600612,3832847.755163788,
True,p4,7,45,weighted_p4_influences_by_functions_system_results,"('compression', 'window')",144368628.37742335,143672888.91124964,145064367.84359705,
True,p4,7,45,weighted_p4_influences_by_functions_system_results,"('window',)",-46484747.04255086,-46839895.9380566,-46129598.147045135,
True,p4,7,45,weighted_p4_influences_by_functions_system_results,"('compression',)",-158841925.72182584,-159937041.52382085,-157746809.91983083,
True,p4,7,45,average_p4_influences_system_results,"('compression', 'window')",200.6809557465216,200.00746926168603,201.3544422313571,
True,p4,7,45,average_p4_influences_system_results,"('window',)",-388.82421875,-391.7948811848958,-385.8535563151042,
True,p4,7,45,average_p4_influences_system_results,"('compression',)",-1328.6420084635415,-1337.8021647135415,-1319.4818522135415,
True,p4,7,45,weighted_p4_influences_by_vif_system_results,"('compression', 'window')",144368628.37742335,143672888.91124964,145064367.84359705,
True,p4,7,45,weighted_p4_influences_by_vif_system_results,"('window',)",-46484747.04255086,-46839895.9380566,-46129598.147045135,
True,p4,7,45,weighted_p4_influences_by_vif_system_results,"('compression',)",-158841925.72182584,-159937041.52382085,-157746809.91983083,
True,p4,7,50,weighted_p4_influences_by_functions_system_results,"('compression', 'window')",146939019.8827436,146097432.38626054,147780607.37922662,
True,p4,7,50,weighted_p4_influences_by_functions_system_results,"('window',)",-46523447.26360084,-46876895.98598647,-46169998.54121521,
True,p4,7,50,weighted_p4_influences_by_functions_system_results,"('compression',)",-158898714.90924805,-160015419.74788687,-157782010.07060924,
True,p4,7,50,average_p4_influences_system_results,"('compression', 'window')",243.7335764261661,242.89981354873936,244.5673393035929,
True,p4,7,50,average_p4_influences_system_results,"('window',)",-389.1479288736979,-392.1043701171875,-386.1914876302083,
True,p4,7,50,average_p4_influences_system_results,"('compression',)",-1329.1170247395837,-1338.457763671875,-1319.7762858072915,
True,p4,7,50,weighted_p4_influences_by_vif_system_results,"('compression', 'window')",146939019.8827436,146097432.38626054,147780607.37922662,
True,p4,7,50,weighted_p4_influences_by_vif_system_results,"('window',)",-46523447.26360084,-46876895.98598647,-46169998.54121521,
True,p4,7,50,weighted_p4_influences_by_vif_system_results,"('compression',)",-158898714.90924805,-160015419.74788687,-157782010.07060924,
True,p4,7,55,weighted_p4_influences_by_functions_system_results,"('compression', 'window')",147155162.66978478,146322427.64821535,147987897.6913542,
True,p4,7,55,weighted_p4_influences_by_functions_system_results,"('window',)",-46467297.76935543,-46826829.65765433,-46107765.88105653,
True,p4,7,55,weighted_p4_influences_by_functions_system_results,"('compression',)",-158826723.8877763,-159912932.631165,-157740515.14438757,
True,p4,7,55,average_p4_influences_system_results,"('compression', 'window')",245.35023431902903,244.50864487490617,246.191823763152,
True,p4,7,55,average_p4_influences_system_results,"('window',)",-388.6782633463542,-391.6855875651042,-385.6709391276042,
True,p4,7,55,average_p4_influences_system_results,"('compression',)",-1328.514851888021,-1337.6005045572915,-1319.42919921875,
True,p4,7,55,weighted_p4_influences_by_vif_system_results,"('compression', 'window')",147155162.66978478,146322427.64821535,147987897.6913542,
True,p4,7,55,weighted_p4_influences_by_vif_system_results,"('window',)",-46467297.76935543,-46826829.65765433,-46107765.88105653,
True,p4,7,55,weighted_p4_influences_by_vif_system_results,"('compression',)",-158826723.8877763,-159912932.631165,-157740515.14438757,
True,p4,7,60,weighted_p4_influences_by_functions_system_results,"('window',)",211676381.5893067,199597062.69127297,223755700.48734045,
True,p4,7,60,weighted_p4_influences_by_functions_system_results,"('compression', 'window')",54803736.24943073,53378663.02809979,56228809.470761664,
True,p4,7,60,weighted_p4_influences_by_functions_system_results,"('compression',)",-2451465387.6866665,-2474786001.180521,-2428144774.1928115,
True,p4,7,60,average_p4_influences_system_results,"('window',)",2673.7172923435764,2633.561349759499,2713.8732349276543,
True,p4,7,60,average_p4_influences_system_results,"('compression', 'window')",-116.87004012800756,-120.99040428176524,-112.74967597424984,
True,p4,7,60,average_p4_influences_system_results,"('compression',)",-3456.792020179332,-3514.146676495672,-3399.437363862992,
True,p4,7,60,weighted_p4_influences_by_vif_system_results,"('window',)",211676381.5893067,199597062.69127297,223755700.48734045,
True,p4,7,60,weighted_p4_influences_by_vif_system_results,"('compression', 'window')",54803736.24943073,53378663.02809979,56228809.470761664,
True,p4,7,60,weighted_p4_influences_by_vif_system_results,"('compression',)",-2451465387.6866665,-2474786001.180521,-2428144774.1928115,
True,p4,8,15,weighted_p4_influences_by_functions_system_results,"('compression', 'window')",1132847.3241747718,1127784.999422517,1137909.648927027,
True,p4,8,15,average_p4_influences_system_results,"('compression', 'window')",9.475763638814293,9.433419545491535,9.518107732137045,
True,p4,8,15,weighted_p4_influences_by_vif_system_results,"('compression', 'window')",1132847.3241747718,1127784.999422517,1137909.648927027,
True,p4,8,20,weighted_p4_influences_by_functions_system_results,"('compression', 'window')",-19959714.00433661,-20427527.65647763,-19491900.35219559,
True,p4,8,20,weighted_p4_influences_by_functions_system_results,"('window',)",43058426.34061737,42808500.891962446,43308351.78927229,
True,p4,8,20,average_p4_influences_system_results,"('compression', 'window')",10.45810167491436,10.174761603275936,10.741441746552784,
True,p4,8,20,average_p4_influences_system_results,"('window',)",360.16457112630206,358.0740559895833,362.2550862630208,
True,p4,8,20,weighted_p4_influences_by_vif_system_results,"('compression', 'window')",-19959714.00433661,-20427527.65647763,-19491900.35219559,
True,p4,8,20,weighted_p4_influences_by_vif_system_results,"('window',)",43058426.34061737,42808500.891962446,43308351.78927229,
True,p4,8,25,weighted_p4_influences_by_functions_system_results,"('compression', 'window')",97677996.14458293,77385548.50189845,117970443.7872674,
True,p4,8,25,weighted_p4_influences_by_functions_system_results,"('window',)",-25793697.329811204,-40170265.1577986,-11417129.501823813,
True,p4,8,25,weighted_p4_influences_by_functions_system_results,"('compression',)",-147748210.98289263,-183451549.76522425,-112044872.20056105,
True,p4,8,25,average_p4_influences_system_results,"('compression', 'window')",68.81296809514365,54.78267653783163,82.84325965245566,
True,p4,8,25,average_p4_influences_system_results,"('window',)",-215.75279744466147,-336.0063883463542,-95.49920654296876,
True,p4,8,25,average_p4_influences_system_results,"('compression',)",-1235.8480224609375,-1534.4905598958333,-937.2054850260416,
True,p4,8,25,weighted_p4_influences_by_vif_system_results,"('compression', 'window')",97677996.14458293,77385548.50189845,117970443.7872674,
True,p4,8,25,weighted_p4_influences_by_vif_system_results,"('window',)",-25793697.329811204,-40170265.1577986,-11417129.501823813,
True,p4,8,25,weighted_p4_influences_by_vif_system_results,"('compression',)",-147748210.98289263,-183451549.76522425,-112044872.20056105,
True,p4,8,30,weighted_p4_influences_by_functions_system_results,"('compression', 'window')",52393260.96499684,52187092.7267096,52599429.20328408,
True,p4,8,30,weighted_p4_influences_by_functions_system_results,"('compression',)",-66165398.95023357,-66559131.316703774,-65771666.58376335,
True,p4,8,30,average_p4_influences_system_results,"('compression', 'window')",37.54222249984741,37.38223250706991,37.70221249262492,
True,p4,8,30,average_p4_influences_system_results,"('compression',)",-553.4441121419271,-556.7375081380209,-550.1507161458334,
True,p4,8,30,weighted_p4_influences_by_vif_system_results,"('compression', 'window')",52393260.96499684,52187092.7267096,52599429.20328408,
True,p4,8,30,weighted_p4_influences_by_vif_system_results,"('compression',)",-66165398.95023357,-66559131.316703774,-65771666.58376335,
True,p4,8,35,weighted_p4_influences_by_functions_system_results,"('compression', 'window')",18794393.17258545,18720553.174374912,18868233.170795985,
True,p4,8,35,average_p4_influences_system_results,"('compression', 'window')",14.346144755681356,14.268716017405191,14.42357349395752,
True,p4,8,35,weighted_p4_influences_by_vif_system_results,"('compression', 'window')",18794393.17258545,18720553.174374912,18868233.170795985,
True,p4,8,40,weighted_p4_influences_by_functions_system_results,"('compression', 'window')",18969701.527583618,18889931.673442703,19049471.381724533,
True,p4,8,40,average_p4_influences_system_results,"('compression', 'window')",14.633154153823853,14.553415616353352,14.712892691294352,
True,p4,8,40,weighted_p4_influences_by_vif_system_results,"('compression', 'window')",18969701.527583618,18889931.673442703,19049471.381724533,
True,p4,8,45,weighted_p4_influences_by_functions_system_results,"('window',)",1150.6189534921627,1122.7272965012774,1178.510610483048,
True,p4,8,45,weighted_p4_influences_by_functions_system_results,"('compression', 'window')",8930967.406462621,5174264.236592976,12687670.576332267,
True,p4,8,45,average_p4_influences_system_results,"('window',)",0.0830007195472717,0.080988734960556,0.0850127041339874,
True,p4,8,45,average_p4_influences_system_results,"('compression', 'window')",17.444554875294365,16.356937319040203,18.53217243154853,
True,p4,8,45,weighted_p4_influences_by_vif_system_results,"('window',)",1150.6189534921627,1122.7272965012774,1178.510610483048,
True,p4,8,45,weighted_p4_influences_by_vif_system_results,"('compression', 'window')",8930967.406462621,5174264.236592976,12687670.576332267,
True,p4,8,50,weighted_p4_influences_by_functions_system_results,"('compression', 'window')",20912409.70129538,20819121.855981663,21005697.546609096,
True,p4,8,50,average_p4_influences_system_results,"('compression', 'window')",9.63482864697774,9.532117048899332,9.737540245056152,
True,p4,8,50,weighted_p4_influences_by_vif_system_results,"('compression', 'window')",20912409.70129538,20819121.855981663,21005697.546609096,
True,p4,8,55,weighted_p4_influences_by_functions_system_results,"('window',)",7696303958.392994,7527765904.82571,7864842011.9602785,
True,p4,8,55,weighted_p4_influences_by_functions_system_results,"('compression', 'window')",-682471707.7299222,-703764647.6016393,-661178767.8582051,
True,p4,8,55,weighted_p4_influences_by_functions_system_results,"('compression',)",-208389776.65343767,-240474976.77565184,-176304576.5312235,
True,p4,8,55,average_p4_influences_system_results,"('window',)",4816.130897089839,4699.229178527991,4933.032615651687,
True,p4,8,55,average_p4_influences_system_results,"('compression', 'window')",-419.4553995753328,-434.2881253510714,-404.62267379959417,
True,p4,8,55,average_p4_influences_system_results,"('compression',)",-1743.0877278645833,-2011.4661458333333,-1474.7093098958333,
True,p4,8,55,weighted_p4_influences_by_vif_system_results,"('window',)",7696303958.392994,7527765904.82571,7864842011.9602785,
True,p4,8,55,weighted_p4_influences_by_vif_system_results,"('compression', 'window')",-682471707.7299222,-703764647.6016393,-661178767.8582051,
True,p4,8,55,weighted_p4_influences_by_vif_system_results,"('compression',)",-208389776.65343767,-240474976.77565184,-176304576.5312235,
True,p4,8,60,weighted_p4_influences_by_functions_system_results,"('compression', 'window')",99761150.91280344,81093487.62668958,118428814.19891731,
True,p4,8,60,weighted_p4_influences_by_functions_system_results,"('window',)",-57021415.50374618,-67840876.99495828,-46201954.01253409,
True,p4,8,60,weighted_p4_influences_by_functions_system_results,"('compression',)",-208389776.65343767,-240474976.77565184,-176304576.5312235,
True,p4,8,60,average_p4_influences_system_results,"('compression', 'window')",82.20417340596518,69.60651416083176,94.80183265109858,
True,p4,8,60,average_p4_influences_system_results,"('window',)",-476.9587605794271,-567.458740234375,-386.4587809244792,
True,p4,8,60,average_p4_influences_system_results,"('compression',)",-1743.0877278645833,-2011.4661458333333,-1474.7093098958333,
True,p4,8,60,weighted_p4_influences_by_vif_system_results,"('compression', 'window')",99761150.91280344,81093487.62668958,118428814.19891731,
True,p4,8,60,weighted_p4_influences_by_vif_system_results,"('window',)",-57021415.50374618,-67840876.99495828,-46201954.01253409,
True,p4,8,60,weighted_p4_influences_by_vif_system_results,"('compression',)",-208389776.65343767,-240474976.77565184,-176304576.5312235,
True,p4,9,15,weighted_p4_influences_by_functions_system_results,"('compression', 'window')",470894.47195264045,-40583.89665113203,982372.8405564129,
True,p4,9,15,weighted_p4_influences_by_functions_system_results,"('window',)",44926089.61983666,44753931.889592335,45098247.35008099,
True,p4,9,15,average_p4_influences_system_results,"('compression', 'window')",4.889621198177338,4.625830461581548,5.153411934773127,
True,p4,9,15,average_p4_influences_system_results,"('window',)",375.7867431640625,374.3467203776042,377.2267659505208,
True,p4,9,15,weighted_p4_influences_by_vif_system_results,"('compression', 'window')",470894.47195264045,-40583.89665113203,982372.8405564129,
True,p4,9,15,weighted_p4_influences_by_vif_system_results,"('window',)",44926089.61983666,44753931.889592335,45098247.35008099,
True,p4,9,20,weighted_p4_influences_by_functions_system_results,"('compression', 'window')",2344164.1444308367,1984742.8845688887,2703585.4042927846,
True,p4,9,20,average_p4_influences_system_results,"('compression', 'window')",12.253563612699507,12.033845643202461,12.473281582196552,
True,p4,9,20,weighted_p4_influences_by_vif_system_results,"('compression', 'window')",2344164.1444308367,1984742.8845688887,2703585.4042927846,
True,p4,9,25,weighted_p4_influences_by_functions_system_results,"('window',)",-5.269789218902588,-5.294013341267903,-5.245565096537272,
True,p4,9,25,weighted_p4_influences_by_functions_system_results,"('compression', 'window')",663642.9572008103,292884.7512171082,1034401.1631845124,
True,p4,9,25,average_p4_influences_system_results,"('window',)",-5.269789218902588,-5.294013341267903,-5.245565096537272,
True,p4,9,25,average_p4_influences_system_results,"('compression', 'window')",12.463378240664802,12.232028235991796,12.694728245337807,
True,p4,9,25,weighted_p4_influences_by_vif_system_results,"('window',)",-5.269789218902588,-5.294013341267903,-5.245565096537272,
True,p4,9,25,weighted_p4_influences_by_vif_system_results,"('compression', 'window')",663642.9572008103,292884.7512171082,1034401.1631845124,
True,p4,9,30,weighted_p4_influences_by_functions_system_results,"('window',)",-3890971510.323049,-3901491481.0699215,-3880451539.5761766,
True,p4,9,30,weighted_p4_influences_by_functions_system_results,"('compression', 'window')",388925784.8829434,387868073.09967387,389983496.666213,
True,p4,9,30,average_p4_influences_system_results,"('window',)",-1237.2836078008017,-1243.1833720207214,-1231.3838435808818,
True,p4,9,30,average_p4_influences_system_results,"('compression', 'window')",135.98720334221917,135.37057063976923,136.60383604466915,
True,p4,9,30,weighted_p4_influences_by_vif_system_results,"('window',)",-3890971510.323049,-3901491481.0699215,-3880451539.5761766,
True,p4,9,30,weighted_p4_influences_by_vif_system_results,"('compression', 'window')",388925784.8829434,387868073.09967387,389983496.666213,
True,p4,9,35,weighted_p4_influences_by_functions_system_results,"('compression', 'window')",424232642.418167,421481266.3291408,426984018.5071932,
True,p4,9,35,weighted_p4_influences_by_functions_system_results,"('window',)",-4262855752.270669,-4300996986.663082,-4224714517.8782563,
True,p4,9,35,average_p4_influences_system_results,"('compression', 'window')",143.57435806964833,142.44424653053284,144.70446960876384,
True,p4,9,35,average_p4_influences_system_results,"('window',)",-1321.6419918934505,-1335.6816141605377,-1307.6023696263633,
True,p4,9,35,weighted_p4_influences_by_vif_system_results,"('compression', 'window')",424232642.418167,421481266.3291408,426984018.5071932,
True,p4,9,35,weighted_p4_influences_by_vif_system_results,"('window',)",-4262855752.270669,-4300996986.663082,-4224714517.8782563,
True,p4,9,40,weighted_p4_influences_by_functions_system_results,"('compression', 'window')",434364748.2027018,433350873.8286213,435378622.5767823,
True,p4,9,40,weighted_p4_influences_by_functions_system_results,"('window',)",-4310001328.514988,-4320284384.640619,-4299718272.389357,
True,p4,9,40,average_p4_influences_system_results,"('compression', 'window')",152.9340487594406,152.36165579160055,153.50644172728062,
True,p4,9,40,average_p4_influences_system_results,"('window',)",-1335.2317071755729,-1340.385099252065,-1330.0783150990806,
True,p4,9,40,weighted_p4_influences_by_vif_system_results,"('compression', 'window')",434364748.2027018,433350873.8286213,435378622.5767823,
True,p4,9,40,weighted_p4_influences_by_vif_system_results,"('window',)",-4310001328.514988,-4320284384.640619,-4299718272.389357,
True,p4,9,45,weighted_p4_influences_by_functions_system_results,"('compression', 'window')",290272150.9925519,211855639.7414046,368688662.24369925,
True,p4,9,45,weighted_p4_influences_by_functions_system_results,"('window',)",-2986137457.0596905,-3789049258.49396,-2183225655.6254206,
True,p4,9,45,weighted_p4_influences_by_functions_system_results,"('compression',)",2378090497.4971867,1379199196.4149117,3376981798.579462,
True,p4,9,45,average_p4_influences_system_results,"('compression', 'window')",111.02611598372458,89.23702271779376,132.8152092496554,
True,p4,9,45,average_p4_influences_system_results,"('window',)",-955.2019693056742,-1176.3924021720886,-734.0115364392598,
True,p4,9,45,average_p4_influences_system_results,"('compression',)",1051.9987284342449,621.249491373698,1482.7479654947917,
True,p4,9,45,weighted_p4_influences_by_vif_system_results,"('compression', 'window')",290272150.9925519,211855639.7414046,368688662.24369925,
True,p4,9,45,weighted_p4_influences_by_vif_system_results,"('window',)",-2986137457.0596905,-3789049258.49396,-2183225655.6254206,
True,p4,9,45,weighted_p4_influences_by_vif_system_results,"('compression',)",2378090497.4971867,1379199196.4149117,3376981798.579462,
True,p4,9,50,weighted_p4_influences_by_functions_system_results,"('compression', 'window')",293570502.5642048,209068463.6919034,378072541.4365063,
True,p4,9,50,weighted_p4_influences_by_functions_system_results,"('window',)",-3008203642.482132,-3869998646.8383083,-2146408638.1259556,
True,p4,9,50,weighted_p4_influences_by_functions_system_results,"('compression',)",3033687428.6739287,1381622684.0560389,4685752173.291819,
True,p4,9,50,average_p4_influences_system_results,"('compression', 'window')",109.21336075415213,83.65243310729662,134.77428840100765,
True,p4,9,50,average_p4_influences_system_results,"('window',)",-916.3536222775776,-1175.8362549146016,-656.8709896405537,
True,p4,9,50,average_p4_influences_system_results,"('compression',)",1086.1402893066406,584.8285522460938,1587.4520263671875,
True,p4,9,50,weighted_p4_influences_by_vif_system_results,"('compression', 'window')",293570502.5642048,209068463.6919034,378072541.4365063,
True,p4,9,50,weighted_p4_influences_by_vif_system_results,"('window',)",-3008203642.482132,-3869998646.8383083,-2146408638.1259556,
True,p4,9,50,weighted_p4_influences_by_vif_system_results,"('compression',)",3033687428.6739287,1381622684.0560389,4685752173.291819,
True,p4,9,55,weighted_p4_influences_by_functions_system_results,"('window',)",-1784375587.4859695,-2464420188.9714108,-1104330986.000528,
True,p4,9,55,weighted_p4_influences_by_functions_system_results,"('compression', 'window')",165305934.97676367,98856783.56758133,231755086.38594604,
True,p4,9,55,weighted_p4_influences_by_functions_system_results,"('compression',)",7212008549.181259,5942979583.180177,8481037515.182342,
True,p4,9,55,average_p4_influences_system_results,"('window',)",-644.5561359723409,-857.1625286738077,-431.9497432708741,
True,p4,9,55,average_p4_influences_system_results,"('compression', 'window')",78.46904209256172,57.70627414186796,99.23181004325548,
True,p4,9,55,average_p4_influences_system_results,"('compression',)",1837.3550893465676,1449.2220153808594,2225.488163312276,
True,p4,9,55,weighted_p4_influences_by_vif_system_results,"('window',)",-1784375587.4859695,-2464420188.9714108,-1104330986.000528,
True,p4,9,55,weighted_p4_influences_by_vif_system_results,"('compression', 'window')",165305934.97676367,98856783.56758133,231755086.38594604,
True,p4,9,55,weighted_p4_influences_by_vif_system_results,"('compression',)",7212008549.181259,5942979583.180177,8481037515.182342,
True,p4,9,60,weighted_p4_influences_by_functions_system_results,"('window',)",-2699430637.425111,-3384698403.7195067,-2014162871.1307154,
True,p4,9,60,weighted_p4_influences_by_functions_system_results,"('compression',)",4012119365.8615065,2731407454.9779353,5292831276.745077,
True,p4,9,60,weighted_p4_influences_by_functions_system_results,"('compression', 'window')",307680930.19229007,240516876.95277554,374844983.43180454,
True,p4,9,60,average_p4_influences_system_results,"('window',)",-1306.4488428433738,-1522.8241147994995,-1090.0735708872478,
True,p4,9,60,average_p4_influences_system_results,"('compression',)",-381.3994069099426,-783.6541016896567,20.855287869771473,
True,p4,9,60,average_p4_influences_system_results,"('compression', 'window')",178.16767331461114,156.7727418343226,199.56260479489964,
True,p4,9,60,weighted_p4_influences_by_vif_system_results,"('window',)",-2699430637.425111,-3384698403.7195067,-2014162871.1307154,
True,p4,9,60,weighted_p4_influences_by_vif_system_results,"('compression',)",4012119365.8615065,2731407454.9779353,5292831276.745077,
True,p4,9,60,weighted_p4_influences_by_vif_system_results,"('compression', 'window')",307680930.19229007,240516876.95277554,374844983.43180454,
