is_active,repetition,iteration,feature,first_option_value,second_option_value,taskID,threads,ref,rc_lookahead,no_8x8dct,no_cabac,no_deblock,no_mbtree,no_fast_pskip,no_mixed_refs
False,0,10,,,,560,8,2,10,0,0,1,1,0,1
False,0,10,,,,685,8,16,10,1,0,1,1,1,1
False,0,10,,,,764,4,4,0,1,1,0,0,1,1
False,0,10,,,,836,2,16,0,0,1,1,0,0,0
False,0,10,,,,1034,4,1,160,1,1,0,1,1,1
False,0,10,,,,1217,2,4,160,0,0,1,0,1,0
False,0,10,,,,1384,1,4,10,1,1,0,1,0,0
False,0,10,,,,1654,1,16,160,0,0,0,1,1,1
False,0,10,,,,1732,2,8,0,0,0,0,0,1,0
False,0,10,,,,1748,8,2,160,1,1,0,0,0,1
False,0,15,,,,73,4,2,160,0,0,1,0,0,1
False,0,15,,,,278,4,8,160,1,1,0,1,1,1
False,0,15,,,,781,4,8,40,1,0,0,1,0,0
False,0,15,,,,1039,2,1,160,1,1,0,1,1,0
False,0,15,,,,1391,1,2,160,1,0,1,0,1,1
False,0,20,,,,88,8,1,0,1,0,0,0,1,1
False,0,20,,,,315,4,1,160,0,0,1,1,0,0
False,0,20,,,,806,1,4,0,1,1,0,1,1,1
False,0,20,,,,915,4,2,160,1,0,0,0,1,0
False,0,20,,,,1463,2,8,40,0,1,1,0,1,1
False,0,25,,,,641,4,4,40,0,0,0,0,0,1
False,0,25,,,,687,1,2,40,1,0,1,0,0,1
False,0,25,,,,981,2,8,160,0,1,1,0,1,1
False,0,25,,,,1149,4,8,10,1,0,0,0,0,1
False,0,25,,,,1947,4,8,0,0,0,1,0,1,1
False,0,30,,,,552,4,2,10,1,1,1,0,1,0
False,0,30,,,,677,8,8,160,0,0,0,0,1,0
False,0,30,,,,1319,2,4,160,0,0,1,1,1,0
False,0,30,,,,1504,1,1,160,0,1,0,0,0,1
False,0,30,,,,1966,8,16,160,1,1,1,0,1,0
False,0,35,,,,561,1,1,40,1,1,1,0,0,0
False,0,35,,,,661,2,2,40,0,1,1,0,1,1
False,0,35,,,,700,2,4,160,1,1,0,1,1,0
False,0,35,,,,758,2,1,40,1,0,1,1,0,1
False,0,35,,,,1223,8,2,40,0,0,0,0,0,0
False,0,40,,,,783,2,2,160,1,0,1,0,1,1
False,0,40,,,,855,1,1,160,0,0,1,1,1,1
False,0,40,,,,1213,2,4,10,1,0,0,0,1,1
False,0,40,,,,1352,2,1,10,1,1,1,1,0,1
False,0,40,,,,1905,4,16,10,1,0,1,0,1,1
False,0,45,,,,292,2,2,160,0,0,0,1,1,0
False,0,45,,,,717,8,8,40,0,0,0,0,0,1
False,0,45,,,,767,2,4,40,0,1,1,0,1,0
False,0,45,,,,1072,4,4,10,1,1,1,0,1,0
False,0,45,,,,1951,2,8,10,0,0,1,0,0,1
False,0,50,,,,336,4,2,40,0,0,0,0,1,0
False,0,50,,,,801,1,8,0,1,1,0,0,0,0
False,0,50,,,,1100,8,16,40,0,1,1,0,0,1
False,0,50,,,,1491,8,2,0,0,1,0,1,0,1
False,0,50,,,,1649,2,16,0,0,0,0,1,1,1
False,0,55,,,,92,1,2,10,0,1,0,0,1,0
False,0,55,,,,274,2,4,160,0,0,0,0,1,0
False,0,55,,,,389,4,16,160,1,0,1,1,0,0
False,0,55,,,,887,2,8,40,0,0,0,1,0,0
False,0,55,,,,1662,4,4,160,0,1,0,0,1,0
False,0,60,,,,129,1,16,0,0,0,1,0,1,0
False,0,60,,,,424,2,4,40,0,1,0,1,1,0
False,0,60,,,,1112,8,1,40,1,1,1,1,0,1
False,0,60,,,,1296,4,1,160,1,1,1,0,0,0
False,0,60,,,,1710,2,2,40,1,0,1,0,1,0
False,0,65,,,,152,2,16,160,1,1,1,0,0,1
False,0,65,,,,449,4,2,160,0,1,1,0,1,0
False,0,65,,,,840,2,1,0,1,1,0,1,0,1
False,0,65,,,,854,8,8,0,0,0,0,0,0,0
False,0,65,,,,1177,8,1,160,1,0,1,0,1,1
False,0,70,,,,708,8,1,0,1,1,0,0,0,0
False,0,70,,,,1083,8,1,40,0,1,1,0,1,0
False,0,70,,,,1428,1,4,160,0,1,1,1,0,0
False,0,70,,,,1741,4,1,10,1,0,1,1,0,0
False,0,70,,,,1743,2,8,10,1,1,1,0,0,0
False,0,75,,,,100,1,8,10,0,1,0,1,1,1
False,0,75,,,,538,8,8,160,0,0,0,0,0,1
False,0,75,,,,601,4,4,0,1,0,1,0,0,1
False,0,75,,,,1789,1,2,160,0,1,1,1,0,0
False,0,75,,,,1882,4,4,0,1,1,1,1,1,0
False,0,80,,,,116,2,8,10,1,0,1,0,1,0
False,0,80,,,,258,4,4,0,1,1,1,1,1,1
False,0,80,,,,602,8,1,0,0,0,1,0,0,0
False,0,80,,,,1207,1,4,40,1,0,0,1,1,1
False,0,80,,,,1520,8,2,0,1,1,0,1,0,0
False,0,85,,,,58,4,8,0,1,1,1,1,1,1
False,0,85,,,,545,2,1,0,0,0,1,1,1,0
False,0,85,,,,759,4,2,40,0,0,0,0,0,1
False,0,85,,,,1839,4,2,0,0,1,1,0,0,1
False,0,85,,,,1936,4,2,0,1,0,0,0,0,1
False,0,90,,,,175,1,2,160,1,0,0,0,1,0
False,0,90,,,,544,8,4,160,0,1,1,0,0,1
False,0,90,,,,850,1,16,0,1,1,0,1,1,0
False,0,90,,,,893,2,8,0,0,1,1,0,1,1
False,0,90,,,,1758,8,16,160,0,1,1,0,0,0
False,0,95,,,,245,2,4,10,1,0,1,0,0,1
False,0,95,,,,399,2,1,40,0,0,1,0,0,1
False,0,95,,,,511,2,4,160,1,1,0,0,1,0
False,0,95,,,,1582,2,2,160,1,0,1,0,1,1
False,0,95,,,,1632,4,8,10,0,1,0,0,0,0
False,0,100,,,,29,8,2,160,1,1,0,0,1,1
False,0,100,,,,431,4,4,160,1,1,1,1,1,0
False,0,100,,,,613,2,8,10,1,1,0,1,1,0
False,0,100,,,,1474,4,2,10,1,1,0,1,1,0
False,0,100,,,,1518,2,2,160,0,1,0,0,0,1
False,1,10,,,,236,8,16,40,1,1,1,1,0,1
False,1,10,,,,716,2,4,40,1,1,1,1,1,1
False,1,10,,,,848,2,2,0,1,0,0,0,0,1
False,1,10,,,,906,8,1,0,0,1,1,0,0,0
False,1,10,,,,961,4,2,160,0,0,0,0,0,1
False,1,10,,,,1062,8,1,160,1,1,0,1,1,0
False,1,10,,,,1097,4,1,160,1,1,0,1,0,1
False,1,10,,,,1670,8,1,40,0,0,0,1,1,1
False,1,10,,,,1792,8,8,40,0,1,0,1,0,0
False,1,10,,,,1933,8,1,40,0,0,0,0,1,0
False,1,15,,,,1052,4,16,0,0,1,0,1,1,0
False,1,15,,,,1296,4,1,160,1,1,1,0,0,0
False,1,15,,,,1314,8,1,160,1,0,0,1,1,0
False,1,15,,,,1686,1,1,0,1,0,0,1,0,0
False,1,15,,,,1943,4,8,0,0,1,0,0,0,1
False,1,20,,,,718,2,16,40,1,0,1,0,1,1
False,1,20,,,,912,4,16,10,1,0,1,0,1,0
False,1,20,,,,966,1,1,10,0,0,1,0,0,0
False,1,20,,,,1005,2,2,10,1,0,0,0,0,1
False,1,20,,,,1068,1,8,160,1,1,0,0,0,0
False,1,25,,,,731,2,2,160,1,1,0,0,1,1
False,1,25,,,,832,1,4,40,0,1,1,0,1,0
False,1,25,,,,1210,8,8,160,0,0,1,1,1,1
False,1,25,,,,1535,8,16,10,1,1,0,0,1,1
False,1,25,,,,1678,2,1,0,1,1,0,1,1,0
False,1,30,,,,321,1,2,10,0,1,0,0,1,0
False,1,30,,,,517,8,1,40,1,1,0,1,1,1
False,1,30,,,,1425,8,8,10,0,1,1,0,0,1
False,1,30,,,,1486,4,4,40,1,1,1,0,1,1
False,1,30,,,,1854,4,4,40,1,0,1,1,1,1
False,1,35,,,,756,2,8,40,1,0,1,1,0,0
False,1,35,,,,795,8,16,10,0,1,0,0,0,1
False,1,35,,,,1510,1,1,160,1,1,1,1,0,0
False,1,35,,,,1811,8,8,10,0,1,0,1,0,0
False,1,35,,,,1898,4,4,160,0,0,1,1,0,0
False,1,40,,,,130,1,4,160,1,0,1,0,0,0
False,1,40,,,,1368,8,16,40,1,0,0,0,0,0
False,1,40,,,,1399,1,2,40,0,1,0,0,0,0
False,1,40,,,,1503,1,4,0,0,1,1,1,0,1
False,1,40,,,,1615,4,1,10,1,1,1,0,0,1
False,1,45,,,,142,2,2,160,0,0,0,0,0,0
False,1,45,,,,1247,8,16,0,1,1,0,1,0,0
False,1,45,,,,1308,1,1,160,1,1,1,1,0,1
False,1,45,,,,1522,2,16,160,1,0,1,0,1,0
False,1,45,,,,1593,8,1,10,1,1,0,1,0,1
False,1,50,,,,145,2,4,0,1,1,0,1,1,1
False,1,50,,,,910,4,8,40,0,1,0,1,0,0
False,1,50,,,,1037,4,1,160,0,1,0,1,1,0
False,1,50,,,,1104,1,8,0,0,0,0,0,1,1
False,1,50,,,,1956,4,2,160,1,0,1,1,1,1
False,1,55,,,,197,2,1,10,1,1,1,1,0,1
False,1,55,,,,1007,8,16,160,0,1,1,1,0,1
False,1,55,,,,1313,4,8,10,1,0,1,1,0,0
False,1,55,,,,1419,4,2,10,0,1,1,1,1,0
False,1,55,,,,1498,2,1,10,0,1,0,0,1,0
False,1,60,,,,210,4,8,0,1,0,0,1,0,1
False,1,60,,,,237,4,4,160,0,1,1,0,0,0
False,1,60,,,,752,2,4,160,0,1,0,1,1,1
False,1,60,,,,851,2,16,10,0,0,0,1,0,1
False,1,60,,,,1118,2,2,0,0,1,0,0,0,0
False,1,65,,,,254,4,16,0,1,1,1,1,0,0
False,1,65,,,,318,4,1,160,1,0,0,1,1,0
False,1,65,,,,970,4,4,10,0,0,1,0,0,0
False,1,65,,,,1286,8,16,40,1,1,1,1,1,0
False,1,65,,,,1566,1,16,160,0,0,0,1,0,0
False,1,70,,,,400,8,2,0,0,1,0,1,1,1
False,1,70,,,,629,2,8,10,1,1,1,1,1,0
False,1,70,,,,1056,1,1,160,1,0,0,0,0,0
False,1,70,,,,1698,8,8,0,1,1,1,1,1,0
False,1,70,,,,1930,8,8,0,0,0,0,1,0,0
False,1,75,,,,564,2,16,160,0,1,1,0,0,0
False,1,75,,,,670,2,4,40,0,1,1,0,0,1
False,1,75,,,,1074,2,1,40,0,0,0,0,1,1
False,1,75,,,,1103,4,8,160,1,0,1,0,0,1
False,1,75,,,,1329,1,2,0,1,0,0,1,0,1
False,1,80,,,,433,8,16,10,1,1,0,0,1,0
False,1,80,,,,887,2,8,40,0,0,0,1,0,0
False,1,80,,,,919,8,16,10,1,1,1,0,1,0
False,1,80,,,,1345,8,8,10,1,0,1,0,0,0
False,1,80,,,,1740,2,8,160,1,0,1,1,0,0
False,1,85,,,,359,8,4,160,0,0,1,0,1,0
False,1,85,,,,458,1,2,40,1,1,0,1,0,0
False,1,85,,,,510,4,4,40,1,0,0,0,0,1
False,1,85,,,,623,1,2,40,1,0,1,1,0,0
False,1,85,,,,1648,8,2,10,0,1,0,1,0,1
False,1,90,,,,470,2,2,0,1,0,1,0,0,0
False,1,90,,,,499,4,4,40,1,1,0,1,0,0
False,1,90,,,,582,1,4,0,0,0,1,1,1,1
False,1,90,,,,635,8,2,0,0,1,1,1,0,1
False,1,90,,,,1422,8,16,40,1,1,1,1,1,1
False,1,95,,,,16,8,4,0,0,0,0,0,0,0
False,1,95,,,,515,1,8,10,1,1,0,1,1,0
False,1,95,,,,1095,8,1,0,0,1,0,1,0,0
False,1,95,,,,1620,1,4,10,1,0,0,1,0,0
False,1,95,,,,1960,8,16,10,1,0,1,1,1,1
False,1,100,,,,26,2,2,40,0,0,0,0,1,1
False,1,100,,,,544,8,4,160,0,1,1,0,0,1
False,1,100,,,,1158,1,4,0,1,0,1,1,0,1
False,1,100,,,,1771,2,8,40,0,0,0,0,0,0
False,1,100,,,,1801,4,2,10,0,1,0,1,0,1
False,2,10,,,,300,8,8,10,0,0,0,0,1,0
False,2,10,,,,361,4,4,160,0,0,0,0,1,0
False,2,10,,,,467,1,8,10,1,1,1,1,0,1
False,2,10,,,,494,8,4,40,0,1,0,0,1,1
False,2,10,,,,528,4,8,40,0,0,1,1,0,1
False,2,10,,,,1100,8,16,40,0,1,1,0,0,1
False,2,10,,,,1193,1,4,10,1,0,1,1,0,0
False,2,10,,,,1288,2,8,10,1,1,0,0,1,0
False,2,10,,,,1559,1,4,0,1,0,0,0,1,1
False,2,10,,,,1609,4,1,40,1,1,1,1,0,1
False,2,15,,,,898,4,1,40,1,0,0,0,1,1
False,2,15,,,,1169,2,16,40,0,1,0,0,1,1
False,2,15,,,,1627,2,4,10,1,1,1,1,1,1
False,2,15,,,,1732,2,8,0,0,0,0,0,1,0
False,2,15,,,,1780,8,8,10,0,0,0,0,0,1
False,2,20,,,,32,8,16,0,0,1,0,1,0,0
False,2,20,,,,395,8,16,40,0,1,1,1,0,1
False,2,20,,,,736,4,1,10,1,0,1,0,1,0
False,2,20,,,,1743,2,8,10,1,1,1,0,0,0
False,2,20,,,,1801,4,2,10,0,1,0,1,0,1
False,2,25,,,,731,2,2,160,1,1,0,0,1,1
False,2,25,,,,806,1,4,0,1,1,0,1,1,1
False,2,25,,,,811,1,2,160,0,1,1,1,0,0
False,2,25,,,,1842,2,16,0,0,0,1,1,1,1
False,2,25,,,,1938,1,1,0,0,1,1,0,1,0
False,2,30,,,,97,2,8,10,1,1,1,0,1,0
False,2,30,,,,511,2,4,160,1,1,0,0,1,0
False,2,30,,,,778,8,2,160,0,1,0,1,1,1
False,2,30,,,,944,1,1,40,0,1,1,0,0,1
False,2,30,,,,1080,2,1,40,1,1,0,0,1,0
False,2,35,,,,122,2,2,10,1,0,0,1,1,0
False,2,35,,,,924,1,4,40,0,0,0,1,0,0
False,2,35,,,,1352,2,1,10,1,1,1,1,0,1
False,2,35,,,,1604,8,4,40,1,1,1,1,1,1
False,2,35,,,,1663,1,2,0,1,0,1,1,0,1
False,2,40,,,,52,1,1,0,1,0,0,0,0,1
False,2,40,,,,766,4,8,40,1,0,0,1,1,0
False,2,40,,,,978,2,2,160,1,1,0,1,0,0
False,2,40,,,,1077,2,8,40,1,0,0,0,0,0
False,2,40,,,,1920,1,1,10,1,1,0,1,1,1
False,2,45,,,,125,1,8,40,0,1,1,1,1,0
False,2,45,,,,881,2,1,0,1,1,1,1,1,0
False,2,45,,,,1304,1,16,40,0,1,1,1,1,1
False,2,45,,,,1572,8,16,0,0,1,1,0,1,1
False,2,45,,,,1623,2,1,160,1,0,0,1,0,0
False,2,50,,,,1133,1,4,10,0,1,1,0,1,0
False,2,50,,,,1270,2,1,0,0,1,0,0,1,0
False,2,50,,,,1526,1,8,40,0,0,1,0,1,1
False,2,50,,,,1531,4,4,10,1,1,0,0,1,1
False,2,50,,,,1579,2,8,10,0,1,0,0,0,1
False,2,55,,,,449,4,2,160,0,1,1,0,1,0
False,2,55,,,,498,1,4,40,0,1,1,0,0,1
False,2,55,,,,1227,4,1,0,1,0,0,1,0,0
False,2,55,,,,1384,1,4,10,1,1,0,1,0,0
False,2,55,,,,1908,4,2,40,1,1,0,0,0,0
False,2,60,,,,613,2,8,10,1,1,0,1,1,0
False,2,60,,,,685,8,16,10,1,0,1,1,1,1
False,2,60,,,,1620,1,4,10,1,0,0,1,0,0
False,2,60,,,,1939,4,8,0,1,1,0,0,1,0
False,2,60,,,,1982,1,16,160,1,0,1,1,1,0
False,2,65,,,,133,8,16,0,0,1,1,1,1,0
False,2,65,,,,301,4,8,40,1,1,1,1,1,0
False,2,65,,,,453,2,4,0,0,0,0,0,0,0
False,2,65,,,,654,8,8,40,1,0,0,1,0,0
False,2,65,,,,1320,4,2,160,0,1,1,0,1,0
False,2,70,,,,533,8,16,0,0,0,0,0,0,0
False,2,70,,,,837,4,4,0,1,0,0,0,0,0
False,2,70,,,,910,4,8,40,0,1,0,1,0,0
False,2,70,,,,1434,2,4,0,1,0,1,1,1,0
False,2,70,,,,1568,4,8,40,1,1,0,1,0,1
False,2,75,,,,256,4,4,0,0,0,0,0,0,1
False,2,75,,,,362,8,16,40,1,1,1,1,0,1
False,2,75,,,,593,2,8,10,0,1,1,1,0,1
False,2,75,,,,1114,2,4,40,1,0,0,0,0,0
False,2,75,,,,1356,1,4,10,1,0,1,0,1,1
False,2,80,,,,363,4,16,0,1,1,0,1,0,1
False,2,80,,,,478,1,2,0,1,0,1,0,0,1
False,2,80,,,,1243,4,8,0,1,0,1,1,0,0
False,2,80,,,,1358,1,1,40,0,0,1,1,0,0
False,2,80,,,,1619,2,2,0,1,0,1,0,0,1
False,2,85,,,,369,8,2,0,1,0,0,1,1,0
False,2,85,,,,470,2,2,0,1,0,1,0,0,0
False,2,85,,,,1119,2,1,40,1,1,1,0,1,1
False,2,85,,,,1296,4,1,160,1,1,1,0,0,0
False,2,85,,,,1598,8,8,40,0,1,1,0,0,0
False,2,90,,,,407,8,4,40,0,0,0,1,0,1
False,2,90,,,,765,1,2,40,0,1,0,1,0,0
False,2,90,,,,948,1,1,160,0,1,1,0,1,0
False,2,90,,,,1335,2,8,10,0,1,1,0,0,0
False,2,90,,,,1584,8,16,0,0,0,1,0,1,0
False,2,95,,,,436,8,16,40,1,0,0,0,1,0
False,2,95,,,,437,8,1,40,0,1,0,0,1,0
False,2,95,,,,1200,8,1,10,1,0,1,1,1,1
False,2,95,,,,1239,1,4,40,0,1,0,0,0,0
False,2,95,,,,1589,4,8,10,1,1,0,1,0,0
False,2,100,,,,680,8,4,10,1,0,0,1,1,0
False,2,100,,,,1106,2,16,40,0,1,0,1,0,1
False,2,100,,,,1487,4,1,0,0,1,0,0,0,1
False,2,100,,,,1595,1,8,160,1,0,1,0,1,0
False,2,100,,,,1799,4,8,160,0,1,1,1,1,1
False,3,10,,,,257,1,2,0,1,1,0,1,0,1
False,3,10,,,,660,8,4,160,1,1,0,1,1,0
False,3,10,,,,790,4,1,10,1,1,1,1,1,1
False,3,10,,,,953,8,4,40,0,0,0,0,0,0
False,3,10,,,,969,2,16,0,1,0,0,0,1,0
False,3,10,,,,1022,2,1,160,1,1,0,0,0,0
False,3,10,,,,1274,4,8,40,0,1,1,1,1,1
False,3,10,,,,1668,8,2,160,0,0,1,0,1,0
False,3,10,,,,1689,8,16,10,1,1,0,1,0,0
False,3,10,,,,1899,8,8,40,1,1,1,0,0,0
False,3,15,,,,339,2,4,10,1,1,0,1,1,1
False,3,15,,,,707,1,8,0,1,1,0,1,1,1
False,3,15,,,,1643,4,8,40,1,1,0,0,0,0
False,3,15,,,,1839,4,2,0,0,1,1,0,0,1
False,3,15,,,,1936,4,2,0,1,0,0,0,0,1
False,3,20,,,,381,1,2,10,0,1,1,0,0,1
False,3,20,,,,891,8,16,0,1,0,0,0,1,1
False,3,20,,,,1570,8,2,10,0,1,1,1,0,0
False,3,20,,,,1598,8,8,40,0,1,1,0,0,0
False,3,20,,,,1711,2,8,160,0,0,1,0,1,0
False,3,25,,,,258,4,4,0,1,1,1,1,1,1
False,3,25,,,,1051,2,4,0,1,1,0,0,0,1
False,3,25,,,,1532,2,16,160,0,0,0,1,1,1
False,3,25,,,,1613,2,1,10,1,0,1,0,0,1
False,3,25,,,,1909,4,8,40,0,0,0,1,1,0
False,3,30,,,,385,1,16,0,0,1,1,1,1,1
False,3,30,,,,563,2,8,0,0,1,0,0,1,0
False,3,30,,,,879,2,4,10,1,0,1,0,0,1
False,3,30,,,,1002,1,16,0,0,0,0,0,0,1
False,3,30,,,,1183,4,4,10,0,0,1,1,1,0
False,3,35,,,,509,2,16,160,1,1,0,1,0,0
False,3,35,,,,513,1,1,10,0,1,0,1,0,1
False,3,35,,,,868,2,8,160,0,0,1,0,1,0
False,3,35,,,,957,1,1,160,0,0,0,0,1,1
False,3,35,,,,1641,8,4,10,0,1,1,0,0,0
False,3,40,,,,184,1,8,160,1,1,0,0,0,0
False,3,40,,,,260,1,4,160,0,0,0,1,0,0
False,3,40,,,,607,2,2,0,1,1,0,1,1,1
False,3,40,,,,734,2,4,10,1,1,1,1,1,0
False,3,40,,,,862,1,1,10,1,0,0,1,0,0
False,3,45,,,,662,8,16,160,1,1,1,1,0,0
False,3,45,,,,852,1,1,160,0,0,0,0,1,0
False,3,45,,,,1437,4,1,0,1,1,0,1,1,1
False,3,45,,,,1694,8,2,10,1,1,0,1,1,1
False,3,45,,,,1877,4,16,160,1,0,1,1,1,0
False,3,50,,,,521,4,1,40,1,1,1,0,0,1
False,3,50,,,,643,4,8,0,1,0,1,1,0,0
False,3,50,,,,1404,8,16,160,1,1,1,1,1,1
False,3,50,,,,1577,4,1,10,1,1,0,0,1,0
False,3,50,,,,1887,2,4,10,0,0,1,1,1,0
False,3,55,,,,547,4,4,10,0,0,0,0,0,1
False,3,55,,,,793,4,4,0,1,0,1,1,0,0
False,3,55,,,,1367,2,16,0,1,0,1,1,0,1
False,3,55,,,,1683,4,1,40,0,1,1,1,1,0
False,3,55,,,,1799,4,8,160,0,1,1,1,1,1
False,3,60,,,,624,1,16,10,0,0,0,1,1,0
False,3,60,,,,838,2,8,160,0,1,1,0,0,1
False,3,60,,,,866,1,8,160,0,0,0,0,1,0
False,3,60,,,,1031,2,1,40,1,1,0,0,0,0
False,3,60,,,,1975,2,1,40,0,1,1,1,1,0
False,3,65,,,,185,1,16,0,0,1,1,1,0,0
False,3,65,,,,665,1,1,160,0,0,0,0,1,0
False,3,65,,,,1016,8,4,10,0,1,1,1,1,1
False,3,65,,,,1506,2,8,160,0,0,1,1,0,0
False,3,65,,,,1572,8,16,0,0,1,1,0,1,1
False,3,70,,,,276,4,2,160,0,1,0,0,1,0
False,3,70,,,,1032,2,8,10,1,1,1,0,1,0
False,3,70,,,,1150,8,16,160,0,0,1,0,1,1
False,3,70,,,,1454,2,1,160,1,1,0,0,1,0
False,3,70,,,,1922,8,1,160,0,1,0,1,0,0
False,3,75,,,,415,8,1,10,0,0,0,0,1,0
False,3,75,,,,1028,8,16,0,1,1,1,0,1,1
False,3,75,,,,1348,4,4,160,0,1,1,1,1,0
False,3,75,,,,1676,2,2,160,0,0,0,0,1,1
False,3,75,,,,1720,1,4,160,1,1,0,1,0,0
False,3,80,,,,1023,2,1,0,1,1,1,1,1,0
False,3,80,,,,1281,8,2,160,0,0,1,0,0,1
False,3,80,,,,1536,2,16,40,1,0,1,1,1,0
False,3,80,,,,1650,1,1,40,1,0,1,0,0,0
False,3,80,,,,1752,4,1,160,1,1,1,0,1,1
False,3,85,,,,118,4,16,0,0,1,1,0,0,1
False,3,85,,,,166,2,16,10,0,0,1,1,1,1
False,3,85,,,,400,8,2,0,0,1,0,1,1,1
False,3,85,,,,1455,1,2,40,1,0,1,0,0,1
False,3,85,,,,1715,1,2,0,1,0,1,0,1,0
False,3,90,,,,177,1,2,10,0,0,0,1,1,0
False,3,90,,,,482,4,2,160,1,0,1,0,1,0
False,3,90,,,,876,2,1,10,1,0,0,1,0,1
False,3,90,,,,921,4,16,10,1,1,1,1,0,1
False,3,90,,,,1706,8,2,10,0,0,0,1,1,1
False,3,95,,,,834,4,4,160,0,1,1,1,1,0
False,3,95,,,,916,8,4,40,0,1,0,0,1,1
False,3,95,,,,1007,8,16,160,0,1,1,1,0,1
False,3,95,,,,1024,1,2,10,0,0,1,1,1,1
False,3,95,,,,1781,4,2,40,1,1,0,1,0,1
False,3,100,,,,114,8,16,0,0,0,1,1,1,1
False,3,100,,,,974,4,8,40,1,0,0,1,0,1
False,3,100,,,,1202,2,2,160,1,1,1,1,0,1
False,3,100,,,,1698,8,8,0,1,1,1,1,1,0
False,3,100,,,,1748,8,2,160,1,1,0,0,0,1
False,4,10,,,,175,1,2,160,1,0,0,0,1,0
False,4,10,,,,361,4,4,160,0,0,0,0,1,0
False,4,10,,,,394,2,8,10,1,0,1,1,1,0
False,4,10,,,,440,8,1,0,0,0,1,0,0,1
False,4,10,,,,457,1,8,0,1,1,0,1,1,1
False,4,10,,,,710,8,16,40,0,1,1,1,1,0
False,4,10,,,,819,4,16,10,1,0,0,1,1,0
False,4,10,,,,1147,4,2,10,0,0,0,0,0,0
False,4,10,,,,1624,1,4,40,0,1,0,1,0,1
False,4,10,,,,1922,8,1,160,0,1,0,1,0,0
False,4,15,,,,200,1,4,10,0,1,1,0,1,1
False,4,15,,,,345,8,1,40,0,0,1,0,1,0
False,4,15,,,,977,1,8,0,1,1,1,0,0,0
False,4,15,,,,1526,1,8,40,0,0,1,0,1,1
False,4,15,,,,1682,4,8,0,1,1,0,0,0,0
False,4,20,,,,462,2,16,10,0,0,1,0,1,1
False,4,20,,,,1062,8,1,160,1,1,0,1,1,0
False,4,20,,,,1567,8,8,0,1,1,0,1,1,1
False,4,20,,,,1631,4,16,10,0,0,1,1,0,1
False,4,20,,,,1916,8,8,160,1,1,0,0,1,0
False,4,25,,,,472,4,8,10,1,0,1,1,0,0
False,4,25,,,,505,4,1,0,0,1,0,0,1,0
False,4,25,,,,718,2,16,40,1,0,1,0,1,1
False,4,25,,,,1710,2,2,40,1,0,1,0,1,0
False,4,25,,,,1906,8,8,40,0,0,0,1,0,1
False,4,30,,,,397,1,16,40,0,1,1,0,1,0
False,4,30,,,,959,2,2,40,0,0,1,1,0,1
False,4,30,,,,1146,8,2,40,1,1,0,1,0,0
False,4,30,,,,1346,1,2,10,0,0,1,1,0,0
False,4,30,,,,1449,8,16,10,0,0,0,1,1,0
False,4,35,,,,686,4,1,40,1,0,0,1,0,0
False,4,35,,,,756,2,8,40,1,0,1,1,0,0
False,4,35,,,,1273,8,1,0,0,0,1,1,1,0
False,4,35,,,,1753,2,2,160,1,1,0,1,1,1
False,4,35,,,,1932,1,2,160,0,0,1,0,0,1
False,4,40,,,,150,8,2,160,1,0,0,0,0,1
False,4,40,,,,962,8,16,0,0,0,0,1,0,0
False,4,40,,,,1090,8,1,10,0,0,0,0,0,0
False,4,40,,,,1194,1,4,160,0,0,0,1,1,1
False,4,40,,,,1640,2,8,0,1,1,0,0,1,1
False,4,45,,,,152,2,16,160,1,1,1,0,0,1
False,4,45,,,,363,4,16,0,1,1,0,1,0,1
False,4,45,,,,716,2,4,40,1,1,1,1,1,1
False,4,45,,,,954,8,2,0,1,0,1,0,1,1
False,4,45,,,,1834,8,1,40,1,0,1,1,0,0
False,4,50,,,,176,8,4,40,1,0,0,0,1,1
False,4,50,,,,426,2,8,10,0,0,0,0,1,0
False,4,50,,,,831,8,1,40,0,1,0,1,0,0
False,4,50,,,,1088,8,2,10,0,0,0,1,0,0
False,4,50,,,,1998,1,2,40,1,1,1,1,0,1
False,4,55,,,,185,1,16,0,0,1,1,1,0,0
False,4,55,,,,192,8,16,10,1,0,1,1,1,1
False,4,55,,,,430,1,4,0,1,0,1,0,1,0
False,4,55,,,,444,4,2,40,0,0,1,1,0,0
False,4,55,,,,1905,4,16,10,1,0,1,0,1,1
False,4,60,,,,189,4,16,160,0,1,0,1,1,0
False,4,60,,,,1032,2,8,10,1,1,1,0,1,0
False,4,60,,,,1519,4,16,0,0,1,0,1,0,0
False,4,60,,,,1644,4,1,160,1,0,0,1,1,0
False,4,60,,,,1999,2,8,160,1,1,0,1,0,0
False,4,65,,,,242,2,1,10,1,0,0,1,1,0
False,4,65,,,,1105,1,1,10,1,0,0,1,0,1
False,4,65,,,,1404,8,16,160,1,1,1,1,1,1
False,4,65,,,,1420,8,16,0,0,1,0,0,0,1
False,4,65,,,,1798,8,2,10,0,0,1,1,1,0
False,4,70,,,,1159,2,4,10,0,0,0,0,1,1
False,4,70,,,,1223,8,2,40,0,0,0,0,0,0
False,4,70,,,,1327,1,8,40,1,1,0,1,0,0
False,4,70,,,,1364,1,8,10,0,1,0,0,1,0
False,4,70,,,,1747,1,1,10,1,0,0,1,1,1
False,4,75,,,,826,4,8,40,0,0,0,1,0,1
False,4,75,,,,1214,8,2,160,0,0,1,1,1,0
False,4,75,,,,1406,1,16,160,0,0,0,1,1,1
False,4,75,,,,1493,1,16,160,0,0,0,0,0,0
False,4,75,,,,1722,8,1,40,0,0,0,1,0,0
False,4,80,,,,57,1,4,10,1,1,0,1,0,0
False,4,80,,,,146,1,16,10,0,1,1,0,1,0
False,4,80,,,,1076,8,8,40,1,1,1,1,0,1
False,4,80,,,,1597,2,2,10,1,0,1,1,1,0
False,4,80,,,,1633,1,1,160,0,1,0,0,0,0
False,4,85,,,,257,1,2,0,1,1,0,1,0,1
False,4,85,,,,568,1,16,0,0,0,0,1,0,0
False,4,85,,,,1355,8,16,10,1,1,0,1,1,1
False,4,85,,,,1672,2,8,40,1,1,1,0,0,0
False,4,85,,,,1777,4,2,160,0,0,1,0,1,0
False,4,90,,,,96,2,16,40,0,1,1,1,1,1
False,4,90,,,,416,2,1,0,1,1,0,1,1,1
False,4,90,,,,539,8,1,0,0,1,0,1,1,0
False,4,90,,,,736,4,1,10,1,0,1,0,1,0
False,4,90,,,,1542,2,16,0,1,1,0,0,1,1
False,4,95,,,,713,1,16,0,0,0,1,1,1,1
False,4,95,,,,1010,8,4,40,0,1,1,1,0,1
False,4,95,,,,1155,1,16,10,1,0,1,1,0,1
False,4,95,,,,1548,4,16,160,0,0,0,1,0,1
False,4,95,,,,1594,4,1,10,1,0,1,0,0,1
False,4,100,,,,110,8,16,40,1,0,0,1,1,0
False,4,100,,,,245,2,4,10,1,0,1,0,0,1
False,4,100,,,,1255,8,2,10,1,0,0,1,0,1
False,4,100,,,,1312,1,8,40,1,1,1,1,0,0
False,4,100,,,,1403,4,8,10,1,1,1,0,0,0
False,5,10,,,,74,2,4,0,0,1,1,0,0,1
False,5,10,,,,207,8,16,160,0,1,1,0,0,1
False,5,10,,,,741,8,8,0,1,0,0,0,0,1
False,5,10,,,,868,2,8,160,0,0,1,0,1,0
False,5,10,,,,999,8,1,10,0,0,1,1,0,0
False,5,10,,,,1033,1,16,0,0,0,1,0,1,1
False,5,10,,,,1143,8,16,160,1,0,1,1,0,1
False,5,10,,,,1425,8,8,10,0,1,1,0,0,1
False,5,10,,,,1726,4,16,10,0,1,0,1,1,0
False,5,10,,,,1768,8,8,0,1,1,0,0,0,0
False,5,15,,,,774,8,8,160,0,0,1,0,0,0
False,5,15,,,,839,1,8,0,1,0,1,1,1,1
False,5,15,,,,1145,8,1,10,1,0,0,0,1,1
False,5,15,,,,1176,2,16,160,0,0,1,1,0,1
False,5,15,,,,1703,1,2,40,1,0,0,1,1,0
False,5,20,,,,185,1,16,0,0,1,1,1,0,0
False,5,20,,,,394,2,8,10,1,0,1,1,1,0
False,5,20,,,,542,1,16,40,1,1,1,1,1,1
False,5,20,,,,1654,1,16,160,0,0,0,1,1,1
False,5,20,,,,1670,8,1,40,0,0,0,1,1,1
False,5,25,,,,192,8,16,10,1,0,1,1,1,1
False,5,25,,,,531,2,8,10,1,1,0,0,0,0
False,5,25,,,,905,1,1,40,0,1,1,0,1,0
False,5,25,,,,1464,2,16,10,1,1,1,1,1,1
False,5,25,,,,1524,4,8,160,0,0,1,1,0,1
False,5,30,,,,206,8,4,0,1,1,0,0,1,0
False,5,30,,,,627,2,1,160,1,0,1,0,1,0
False,5,30,,,,673,8,2,160,0,0,0,1,0,1
False,5,30,,,,857,8,2,0,1,0,0,0,1,0
False,5,30,,,,1724,8,2,0,0,1,0,0,1,0
False,5,35,,,,208,1,16,40,1,0,1,0,1,0
False,5,35,,,,772,4,8,10,0,0,0,1,1,1
False,5,35,,,,979,1,4,40,0,1,0,0,0,1
False,5,35,,,,1394,4,8,160,1,1,1,1,1,1
False,5,35,,,,1908,4,2,40,1,1,0,0,0,0
False,5,40,,,,679,1,4,0,1,0,0,0,1,1
False,5,40,,,,991,2,4,10,0,1,1,1,0,1
False,5,40,,,,1136,1,16,40,1,0,0,0,1,0
False,5,40,,,,1141,2,1,40,0,0,0,1,0,0
False,5,40,,,,1482,2,2,40,1,1,1,0,0,0
False,5,45,,,,1004,8,8,0,1,0,0,1,1,0
False,5,45,,,,1096,8,1,10,1,1,1,0,1,1
False,5,45,,,,1421,1,16,0,0,0,0,1,1,0
False,5,45,,,,1754,2,8,40,0,1,0,1,0,0
False,5,45,,,,1850,4,16,40,1,0,0,0,0,0
False,5,50,,,,367,4,2,0,1,0,1,1,0,1
False,5,50,,,,421,8,8,0,0,1,1,1,0,1
False,5,50,,,,803,4,8,40,1,1,0,0,0,1
False,5,50,,,,1039,2,1,160,1,1,0,1,1,0
False,5,50,,,,1470,8,8,10,0,0,0,1,0,0
False,5,55,,,,105,8,4,160,0,0,0,0,1,0
False,5,55,,,,414,8,16,10,0,0,1,0,0,1
False,5,55,,,,1075,2,8,40,0,1,0,0,0,0
False,5,55,,,,1111,8,8,0,0,0,0,1,1,0
False,5,55,,,,1735,1,16,0,0,0,1,1,0,0
False,5,60,,,,42,1,16,40,1,0,0,1,0,1
False,5,60,,,,805,1,4,10,0,1,0,1,0,1
False,5,60,,,,886,1,2,160,1,0,0,0,0,0
False,5,60,,,,1778,2,4,0,1,0,0,0,0,0
False,5,60,,,,1861,2,16,0,0,0,0,0,0,1
False,5,65,,,,75,2,8,0,0,1,0,1,0,1
False,5,65,,,,744,1,16,0,1,0,1,0,1,0
False,5,65,,,,873,8,1,40,0,0,0,1,0,0
False,5,65,,,,1117,1,4,40,0,0,0,0,1,0
False,5,65,,,,1125,4,1,0,1,1,1,0,0,1
False,5,70,,,,80,4,2,10,1,1,1,0,1,1
False,5,70,,,,732,8,2,160,1,0,1,0,1,0
False,5,70,,,,1150,8,16,160,0,0,1,0,1,1
False,5,70,,,,1286,8,16,40,1,1,1,1,1,0
False,5,70,,,,1814,1,16,40,1,1,1,1,0,1
False,5,75,,,,297,1,1,0,0,1,1,1,0,1
False,5,75,,,,1167,4,8,160,1,0,1,0,1,1
False,5,75,,,,1575,1,8,40,1,0,1,1,0,1
False,5,75,,,,1682,4,8,0,1,1,0,0,0,0
False,5,75,,,,1946,8,8,0,1,1,0,1,1,0
False,5,80,,,,28,8,4,160,1,0,1,0,0,0
False,5,80,,,,277,4,8,10,1,1,1,0,1,0
False,5,80,,,,1433,2,1,160,1,0,0,0,0,0
False,5,80,,,,1479,2,1,10,1,0,0,1,1,1
False,5,80,,,,1583,1,8,10,1,1,0,1,1,1
False,5,85,,,,146,1,16,10,0,1,1,0,1,0
False,5,85,,,,209,2,1,10,1,1,0,0,1,0
False,5,85,,,,606,1,16,10,1,0,0,0,1,1
False,5,85,,,,1749,4,4,0,1,1,0,1,0,0
False,5,85,,,,1932,1,2,160,0,0,1,0,0,1
False,5,90,,,,15,2,8,10,0,0,1,1,1,1
False,5,90,,,,148,4,16,10,1,1,0,1,0,1
False,5,90,,,,248,2,8,40,1,1,1,0,0,0
False,5,90,,,,327,1,1,10,0,1,1,0,1,1
False,5,90,,,,688,1,16,10,1,1,1,0,1,0
False,5,95,,,,213,4,2,40,1,1,1,0,1,0
False,5,95,,,,380,4,1,160,0,0,1,0,1,1
False,5,95,,,,390,4,16,10,0,1,1,1,0,1
False,5,95,,,,1412,2,4,10,0,1,1,1,0,1
False,5,95,,,,1834,8,1,40,1,0,1,1,0,0
False,5,100,,,,6,1,8,0,0,1,1,0,0,1
False,5,100,,,,149,1,16,0,0,0,1,0,1,0
False,5,100,,,,268,2,16,0,0,0,0,0,0,0
False,5,100,,,,872,1,16,160,0,1,0,1,1,1
False,5,100,,,,1552,8,4,40,1,1,1,1,1,1
False,6,10,,,,228,4,2,40,1,1,1,1,0,0
False,6,10,,,,319,8,4,40,0,1,0,1,0,1
False,6,10,,,,336,4,2,40,0,0,0,0,1,0
False,6,10,,,,619,4,2,0,0,0,1,1,1,0
False,6,10,,,,714,2,16,40,1,0,0,1,1,0
False,6,10,,,,849,4,1,0,0,1,1,1,1,1
False,6,10,,,,907,1,4,160,1,1,1,0,1,0
False,6,10,,,,1306,8,16,0,1,0,1,0,1,0
False,6,10,,,,1387,4,8,40,1,0,0,0,0,1
False,6,10,,,,1390,4,1,40,1,1,0,0,1,0
False,6,15,,,,27,1,2,160,0,1,0,1,0,1
False,6,15,,,,346,2,1,40,0,1,1,1,1,0
False,6,15,,,,531,2,8,10,1,1,0,0,0,0
False,6,15,,,,1229,4,4,40,1,1,1,0,0,0
False,6,15,,,,1339,4,2,160,0,0,1,0,0,0
False,6,20,,,,43,4,1,0,1,0,0,1,0,1
False,6,20,,,,517,8,1,40,1,1,0,1,1,1
False,6,20,,,,911,8,8,40,0,0,1,0,1,1
False,6,20,,,,1193,1,4,10,1,0,1,1,0,0
False,6,20,,,,1672,2,8,40,1,1,1,0,0,0
False,6,25,,,,321,1,2,10,0,1,0,0,1,0
False,6,25,,,,915,4,2,160,1,0,0,0,1,0
False,6,25,,,,1155,1,16,10,1,0,1,1,0,1
False,6,25,,,,1314,8,1,160,1,0,0,1,1,0
False,6,25,,,,1400,2,8,10,0,1,0,1,0,1
False,6,30,,,,952,2,2,10,0,0,0,0,1,0
False,6,30,,,,1095,8,1,0,0,1,0,1,0,0
False,6,30,,,,1573,8,8,160,1,0,0,1,1,0
False,6,30,,,,1661,1,2,160,1,0,0,1,1,0
False,6,30,,,,1936,4,2,0,1,0,0,0,0,1
False,6,35,,,,58,4,8,0,1,1,1,1,1,1
False,6,35,,,,322,4,2,0,0,1,1,1,1,0
False,6,35,,,,960,4,1,160,1,0,1,0,1,0
False,6,35,,,,1063,8,1,10,1,1,0,1,0,1
False,6,35,,,,1445,2,2,0,1,1,1,1,1,1
False,6,40,,,,69,2,16,160,1,0,1,0,1,1
False,6,40,,,,198,8,1,0,1,1,1,1,0,1
False,6,40,,,,947,1,8,0,0,0,0,1,0,0
False,6,40,,,,1870,8,2,160,0,1,1,1,1,0
False,6,40,,,,1964,2,2,10,1,0,0,0,1,1
False,6,45,,,,76,4,8,0,0,1,1,1,0,0
False,6,45,,,,925,8,8,10,0,0,1,0,0,0
False,6,45,,,,1107,8,16,160,1,1,1,0,0,1
False,6,45,,,,1151,2,1,10,1,0,1,1,1,0
False,6,45,,,,1374,1,16,40,1,0,1,0,1,1
False,6,50,,,,236,8,16,40,1,1,1,1,0,1
False,6,50,,,,784,4,16,10,0,1,0,1,1,0
False,6,50,,,,1632,4,8,10,0,1,0,0,0,0
False,6,50,,,,1765,2,8,10,1,1,1,0,1,1
False,6,50,,,,1980,8,8,10,0,1,0,1,1,1
False,6,55,,,,253,2,8,10,1,0,0,1,1,1
False,6,55,,,,973,4,2,160,1,0,0,1,1,1
False,6,55,,,,1580,2,8,40,1,0,1,0,0,0
False,6,55,,,,1588,2,16,160,1,1,1,0,1,0
False,6,55,,,,1917,4,2,10,1,0,1,1,0,0
False,6,60,,,,229,4,1,160,1,1,1,1,0,0
False,6,60,,,,937,2,16,0,0,0,0,1,0,0
False,6,60,,,,1094,8,16,10,0,1,1,1,1,0
False,6,60,,,,1366,8,16,40,0,1,1,1,1,1
False,6,60,,,,1397,8,2,0,1,0,1,1,1,1
False,6,65,,,,131,1,8,40,1,0,0,1,0,0
False,6,65,,,,329,2,2,10,0,1,1,0,0,1
False,6,65,,,,1114,2,4,40,1,0,0,0,0,0
False,6,65,,,,1520,8,2,0,1,1,0,1,0,0
False,6,65,,,,1732,2,8,0,0,0,0,0,1,0
False,6,70,,,,126,8,4,10,1,1,1,1,0,0
False,6,70,,,,499,4,4,40,1,1,0,1,0,0
False,6,70,,,,926,4,2,160,0,1,1,1,0,1
False,6,70,,,,1355,8,16,10,1,1,0,1,1,1
False,6,70,,,,1583,1,8,10,1,1,0,1,1,1
False,6,75,,,,128,8,16,10,0,1,1,1,0,0
False,6,75,,,,540,1,1,0,1,1,0,0,0,0
False,6,75,,,,1296,4,1,160,1,1,1,0,0,0
False,6,75,,,,1843,1,2,160,1,1,1,1,1,1
False,6,75,,,,1881,2,16,0,1,1,0,1,1,1
False,6,80,,,,559,2,2,40,1,0,1,1,1,0
False,6,80,,,,623,1,2,40,1,0,1,1,0,0
False,6,80,,,,627,2,1,160,1,0,1,0,1,0
False,6,80,,,,649,4,2,10,0,1,1,0,0,0
False,6,80,,,,1783,4,4,160,0,1,0,0,1,1
False,6,85,,,,719,4,2,0,1,1,1,1,1,1
False,6,85,,,,855,1,1,160,0,0,1,1,1,1
False,6,85,,,,909,8,16,0,1,1,0,0,0,1
False,6,85,,,,914,4,2,10,1,1,1,0,0,1
False,6,85,,,,1671,1,1,10,0,0,0,1,1,1
False,6,90,,,,205,8,2,160,1,1,1,0,1,1
False,6,90,,,,1226,4,16,40,0,1,0,0,1,0
False,6,90,,,,1317,4,1,40,1,0,1,1,1,0
False,6,90,,,,1508,1,4,160,1,1,1,0,0,0
False,6,90,,,,1818,1,1,0,1,1,0,0,1,1
False,6,95,,,,130,1,4,160,1,0,1,0,0,0
False,6,95,,,,148,4,16,10,1,1,0,1,0,1
False,6,95,,,,1468,2,2,160,0,1,0,1,1,0
False,6,95,,,,1485,8,8,0,0,0,0,0,0,1
False,6,95,,,,1627,2,4,10,1,1,1,1,1,1
False,6,100,,,,327,1,1,10,0,1,1,0,1,1
False,6,100,,,,339,2,4,10,1,1,0,1,1,1
False,6,100,,,,995,8,2,40,0,1,1,0,1,1
False,6,100,,,,1336,2,1,160,0,0,1,1,1,1
False,6,100,,,,1908,4,2,40,1,1,0,0,0,0
False,7,10,,,,176,8,4,40,1,0,0,0,1,1
False,7,10,,,,212,2,8,10,0,1,1,0,0,0
False,7,10,,,,503,8,4,0,1,0,0,0,0,0
False,7,10,,,,538,8,8,160,0,0,0,0,0,1
False,7,10,,,,920,2,8,40,0,1,1,1,0,1
False,7,10,,,,1210,8,8,160,0,0,1,1,1,1
False,7,10,,,,1221,2,1,160,1,1,1,1,0,0
False,7,10,,,,1373,1,1,40,1,0,0,0,1,0
False,7,10,,,,1604,8,4,40,1,1,1,1,1,1
False,7,10,,,,1640,2,8,0,1,1,0,0,1,1
False,7,15,,,,359,8,4,160,0,0,1,0,1,0
False,7,15,,,,369,8,2,0,1,0,0,1,1,0
False,7,15,,,,506,1,1,10,0,1,1,1,1,0
False,7,15,,,,542,1,16,40,1,1,1,1,1,1
False,7,15,,,,1977,2,4,10,0,0,1,0,1,1
False,7,20,,,,394,2,8,10,1,0,1,1,1,0
False,7,20,,,,403,2,1,40,0,0,0,0,0,0
False,7,20,,,,555,2,16,0,0,1,1,0,0,0
False,7,20,,,,609,4,2,10,1,1,0,1,0,1
False,7,20,,,,1167,4,8,160,1,0,1,0,1,1
False,7,25,,,,735,8,8,40,1,1,0,1,0,1
False,7,25,,,,1098,2,8,0,0,0,0,1,0,0
False,7,25,,,,1181,8,16,40,1,1,0,0,1,0
False,7,25,,,,1481,1,16,40,1,0,1,1,0,0
False,7,25,,,,1516,1,4,160,0,1,1,1,1,0
False,7,30,,,,497,4,4,10,1,0,0,1,0,0
False,7,30,,,,792,8,2,160,1,0,1,1,0,0
False,7,30,,,,1381,1,1,0,0,1,1,1,1,0
False,7,30,,,,1477,2,2,40,0,1,1,0,1,1
False,7,30,,,,1650,1,1,40,1,0,1,0,0,0
False,7,35,,,,177,1,2,10,0,0,0,1,1,0
False,7,35,,,,768,2,4,160,0,0,1,1,1,0
False,7,35,,,,946,8,8,160,1,1,0,0,1,0
False,7,35,,,,1318,4,1,10,1,0,0,0,1,0
False,7,35,,,,1495,2,2,160,1,1,1,1,1,0
False,7,40,,,,185,1,16,0,0,1,1,1,0,0
False,7,40,,,,777,1,2,160,0,0,0,0,1,0
False,7,40,,,,1036,1,8,40,1,1,1,0,1,0
False,7,40,,,,1256,2,2,40,1,1,1,1,0,1
False,7,40,,,,1732,2,8,0,0,0,0,0,1,0
False,7,45,,,,484,4,16,0,0,1,0,0,1,1
False,7,45,,,,808,2,1,160,0,1,0,0,1,0
False,7,45,,,,925,8,8,10,0,0,1,0,0,0
False,7,45,,,,1182,8,4,0,1,0,0,1,1,1
False,7,45,,,,1930,8,8,0,0,0,0,1,0,0
False,7,50,,,,769,1,16,40,1,1,0,0,1,1
False,7,50,,,,929,4,2,160,1,0,1,1,0,0
False,7,50,,,,1049,2,1,10,1,1,0,1,1,0
False,7,50,,,,1153,1,1,0,0,0,0,1,1,1
False,7,50,,,,1349,1,1,160,0,0,1,0,0,1
False,7,55,,,,750,4,8,0,0,0,1,1,1,1
False,7,55,,,,828,4,1,40,1,1,0,1,1,0
False,7,55,,,,1105,1,1,10,1,0,0,1,0,1
False,7,55,,,,1357,4,8,40,1,0,0,1,1,1
False,7,55,,,,1696,4,4,10,1,0,1,0,0,0
False,7,60,,,,93,8,2,0,1,0,0,0,1,0
False,7,60,,,,764,4,4,0,1,1,0,0,1,1
False,7,60,,,,1074,2,1,40,0,0,0,0,1,1
False,7,60,,,,1142,2,8,10,0,1,0,0,0,1
False,7,60,,,,1197,1,8,10,0,1,1,1,0,1
False,7,65,,,,1216,1,4,10,1,0,1,1,1,1
False,7,65,,,,1220,1,1,10,1,1,1,0,1,1
False,7,65,,,,1618,8,2,0,0,0,0,1,0,0
False,7,65,,,,1739,4,4,10,0,1,1,0,1,0
False,7,65,,,,1886,1,2,160,1,0,1,1,0,1
False,7,70,,,,203,2,1,10,0,1,0,0,0,0
False,7,70,,,,214,4,1,40,1,0,1,0,0,0
False,7,70,,,,540,1,1,0,1,1,0,0,0,0
False,7,70,,,,937,2,16,0,0,0,0,1,0,0
False,7,70,,,,1228,4,16,10,1,1,0,1,1,0
False,7,75,,,,253,2,8,10,1,0,0,1,1,1
False,7,75,,,,260,1,4,160,0,0,0,1,0,0
False,7,75,,,,909,8,16,0,1,1,0,0,0,1
False,7,75,,,,955,4,16,10,0,1,1,0,0,1
False,7,75,,,,1424,1,16,10,0,0,0,1,0,0
False,7,80,,,,282,2,4,40,0,1,1,1,1,1
False,7,80,,,,293,8,16,160,0,1,0,0,1,1
False,7,80,,,,559,2,2,40,1,0,1,1,1,0
False,7,80,,,,1382,8,2,10,0,1,1,0,1,1
False,7,80,,,,1431,1,8,0,1,1,1,0,1,0
False,7,85,,,,315,4,1,160,0,0,1,1,0,0
False,7,85,,,,348,2,2,10,1,1,1,1,1,1
False,7,85,,,,1102,2,8,40,1,0,0,0,0,1
False,7,85,,,,1549,2,16,0,1,1,0,0,1,1
False,7,85,,,,1859,2,2,40,0,1,1,0,0,1
False,7,90,,,,950,2,8,160,1,1,1,0,1,0
False,7,90,,,,1407,8,8,40,0,0,0,0,1,0
False,7,90,,,,1555,1,4,10,1,0,0,1,1,0
False,7,90,,,,1617,8,8,0,0,1,0,0,0,1
False,7,90,,,,1822,8,16,0,1,0,1,1,0,0
False,7,95,,,,34,1,16,160,1,0,0,0,1,1
False,7,95,,,,584,8,8,0,1,0,0,0,1,0
False,7,95,,,,1227,4,1,0,1,0,0,1,0,0
False,7,95,,,,1545,8,2,40,1,1,1,1,0,0
False,7,95,,,,1890,4,16,10,0,0,0,0,0,0
False,7,100,,,,1251,1,4,10,0,1,0,0,0,0
False,7,100,,,,1465,2,16,160,0,1,1,1,0,1
False,7,100,,,,1613,2,1,10,1,0,1,0,0,1
False,7,100,,,,1738,8,2,160,1,1,0,0,1,0
False,7,100,,,,1922,8,1,160,0,1,0,1,0,0
False,8,10,,,,49,1,16,160,0,1,1,1,0,1
False,8,10,,,,134,1,4,10,0,0,1,1,0,1
False,8,10,,,,137,4,8,40,1,1,1,0,0,1
False,8,10,,,,362,8,16,40,1,1,1,1,0,1
False,8,10,,,,452,2,16,10,1,0,1,1,0,0
False,8,10,,,,852,1,1,160,0,0,0,0,1,0
False,8,10,,,,987,8,16,160,1,1,0,1,0,0
False,8,10,,,,1365,2,8,40,1,0,0,1,1,0
False,8,10,,,,1385,1,1,160,0,1,0,1,1,0
False,8,10,,,,1728,4,1,10,1,0,1,1,1,0
False,8,15,,,,783,2,2,160,1,0,1,0,1,1
False,8,15,,,,1052,4,16,0,0,1,0,1,1,0
False,8,15,,,,1582,2,2,160,1,0,1,0,1,1
False,8,15,,,,1818,1,1,0,1,1,0,0,1,1
False,8,15,,,,1962,8,4,160,0,0,0,1,1,1
False,8,20,,,,427,2,8,0,1,0,0,1,0,0
False,8,20,,,,626,1,4,10,0,1,1,0,0,0
False,8,20,,,,640,8,8,40,1,1,0,1,1,0
False,8,20,,,,741,8,8,0,1,0,0,0,0,1
False,8,20,,,,1856,8,16,160,0,0,1,1,0,0
False,8,25,,,,50,4,16,10,0,1,1,1,1,1
False,8,25,,,,539,8,1,0,0,1,0,1,1,0
False,8,25,,,,1093,4,4,10,0,1,1,1,0,0
False,8,25,,,,1500,1,1,40,1,0,1,0,0,1
False,8,25,,,,1905,4,16,10,1,0,1,0,1,1
False,8,30,,,,140,8,16,40,1,0,0,1,0,0
False,8,30,,,,464,1,2,160,0,1,0,0,1,0
False,8,30,,,,971,8,4,40,0,1,0,0,1,0
False,8,30,,,,994,4,2,10,1,1,1,0,1,0
False,8,30,,,,1155,1,16,10,1,0,1,1,0,1
False,8,35,,,,147,8,4,0,1,0,1,0,0,1
False,8,35,,,,1117,1,4,40,0,0,0,0,1,0
False,8,35,,,,1415,4,1,160,1,1,1,0,0,0
False,8,35,,,,1428,1,4,160,0,1,1,1,0,0
False,8,35,,,,1510,1,1,160,1,1,1,1,0,0
False,8,40,,,,174,1,1,160,0,0,1,0,1,0
False,8,40,,,,457,1,8,0,1,1,0,1,1,1
False,8,40,,,,691,8,16,40,0,1,1,1,1,0
False,8,40,,,,1034,4,1,160,1,1,0,1,1,1
False,8,40,,,,1192,4,8,160,0,1,1,0,1,0
False,8,45,,,,117,2,4,10,1,1,1,0,1,1
False,8,45,,,,428,8,1,0,0,1,1,1,1,1
False,8,45,,,,956,8,4,10,0,1,0,1,0,1
False,8,45,,,,1373,1,1,40,1,0,0,0,1,0
False,8,45,,,,1584,8,16,0,0,0,1,0,1,0
False,8,50,,,,136,8,4,40,1,1,0,1,0,1
False,8,50,,,,847,2,16,40,0,1,1,1,1,0
False,8,50,,,,1113,8,2,10,0,1,1,1,1,0
False,8,50,,,,1382,8,2,10,0,1,1,0,1,1
False,8,50,,,,1968,4,2,40,1,1,1,1,1,1
False,8,55,,,,948,1,1,160,0,1,1,0,1,0
False,8,55,,,,1410,4,8,0,1,0,1,0,0,1
False,8,55,,,,1874,2,1,160,0,1,1,0,1,0
False,8,55,,,,1940,2,16,10,0,0,1,1,1,0
False,8,55,,,,1980,8,8,10,0,1,0,1,1,1
False,8,60,,,,497,4,4,10,1,0,0,1,0,0
False,8,60,,,,604,2,8,10,0,0,0,1,1,1
False,8,60,,,,1738,8,2,160,1,1,0,0,1,0
False,8,60,,,,1910,1,4,160,1,1,0,0,1,0
False,8,60,,,,1912,8,16,10,0,0,0,1,0,0
False,8,65,,,,673,8,2,160,0,0,0,1,0,1
False,8,65,,,,1388,2,4,40,0,1,0,1,1,1
False,8,65,,,,1564,8,4,0,0,0,1,1,0,0
False,8,65,,,,1648,8,2,10,0,1,0,1,0,1
False,8,65,,,,1908,4,2,40,1,1,0,0,0,0
False,8,70,,,,29,8,2,160,1,1,0,0,1,1
False,8,70,,,,203,2,1,10,0,1,0,0,0,0
False,8,70,,,,834,4,4,160,0,1,1,1,1,0
False,8,70,,,,1063,8,1,10,1,1,0,1,0,1
False,8,70,,,,1342,8,2,40,0,0,1,1,0,0
False,8,75,,,,273,2,4,40,0,0,0,1,1,1
False,8,75,,,,415,8,1,10,0,0,0,0,1,0
False,8,75,,,,833,1,8,0,0,0,0,0,1,1
False,8,75,,,,1041,4,16,0,1,0,0,1,0,1
False,8,75,,,,1397,8,2,0,1,0,1,1,1,1
False,8,80,,,,274,2,4,160,0,0,0,0,1,0
False,8,80,,,,355,8,16,0,1,0,1,1,0,1
False,8,80,,,,996,4,16,10,1,0,0,1,1,1
False,8,80,,,,1325,2,16,40,0,0,1,1,1,0
False,8,80,,,,1680,8,1,10,1,1,0,0,0,0
False,8,85,,,,500,2,2,10,0,1,0,0,1,1
False,8,85,,,,565,4,2,0,1,0,0,1,1,1
False,8,85,,,,858,1,16,40,0,1,0,1,1,1
False,8,85,,,,1347,4,16,0,1,1,0,1,0,1
False,8,85,,,,1776,1,16,160,0,1,1,0,1,0
False,8,90,,,,353,4,8,10,0,1,1,0,1,0
False,8,90,,,,569,4,8,0,1,1,1,1,1,1
False,8,90,,,,1249,8,2,40,1,0,1,1,0,0
False,8,90,,,,1394,4,8,160,1,1,1,1,1,1
False,8,90,,,,1637,2,8,0,0,1,1,0,0,1
False,8,95,,,,326,2,16,10,1,1,1,0,0,0
False,8,95,,,,366,2,4,40,1,0,1,0,1,0
False,8,95,,,,718,2,16,40,1,0,1,0,1,1
False,8,95,,,,1134,2,4,0,1,1,0,1,0,0
False,8,95,,,,1867,8,8,160,0,0,1,1,0,0
False,8,100,,,,351,2,8,160,0,0,0,1,1,0
False,8,100,,,,445,4,8,10,1,0,1,0,1,0
False,8,100,,,,456,1,2,0,0,0,1,1,0,0
False,8,100,,,,581,1,1,10,0,0,1,0,0,1
False,8,100,,,,1078,2,2,40,1,1,1,1,1,1
False,9,10,,,,57,1,4,10,1,1,0,1,0,0
False,9,10,,,,349,4,4,10,1,0,0,1,0,0
False,9,10,,,,383,1,2,160,0,1,0,1,1,0
False,9,10,,,,502,4,8,40,1,0,1,1,1,0
False,9,10,,,,578,1,1,160,1,1,1,1,0,0
False,9,10,,,,639,8,1,10,0,0,1,1,1,0
False,9,10,,,,919,8,16,10,1,1,1,0,1,0
False,9,10,,,,1150,8,16,160,0,0,1,0,1,1
False,9,10,,,,1788,8,1,0,0,0,1,0,1,0
False,9,10,,,,1975,2,1,40,0,1,1,1,1,0
False,9,15,,,,576,2,8,160,1,0,0,1,1,1
False,9,15,,,,1450,4,1,10,0,1,0,0,0,1
False,9,15,,,,1540,8,2,10,0,0,0,1,1,0
False,9,15,,,,1753,2,2,160,1,1,0,1,1,1
False,9,15,,,,1980,8,8,10,0,1,0,1,1,1
False,9,20,,,,444,4,2,40,0,0,1,1,0,0
False,9,20,,,,506,1,1,10,0,1,1,1,1,0
False,9,20,,,,583,2,1,40,1,0,0,0,1,0
False,9,20,,,,1013,8,2,10,1,0,1,0,1,1
False,9,20,,,,1930,8,8,0,0,0,0,1,0,0
False,9,25,,,,647,4,16,40,0,1,0,0,0,0
False,9,25,,,,967,4,16,40,1,1,0,1,1,1
False,9,25,,,,1345,8,8,10,1,0,1,0,0,0
False,9,25,,,,1404,8,16,160,1,1,1,1,1,1
False,9,25,,,,1796,8,4,160,1,0,1,1,0,1
False,9,30,,,,330,1,4,10,0,1,0,1,1,1
False,9,30,,,,438,8,16,10,0,1,1,0,0,0
False,9,30,,,,645,1,4,10,0,1,0,0,1,1
False,9,30,,,,740,1,8,40,1,1,1,1,1,1
False,9,30,,,,1987,4,1,0,1,1,0,0,1,0
False,9,35,,,,184,1,8,160,1,1,0,0,0,0
False,9,35,,,,263,8,16,40,0,1,1,0,0,0
False,9,35,,,,399,2,1,40,0,0,1,0,0,1
False,9,35,,,,447,2,1,160,1,1,0,0,1,0
False,9,35,,,,1220,1,1,10,1,1,1,0,1,1
False,9,40,,,,188,2,16,10,0,1,1,1,1,0
False,9,40,,,,207,8,16,160,0,1,1,0,0,1
False,9,40,,,,899,8,2,40,0,0,0,1,0,0
False,9,40,,,,996,4,16,10,1,0,0,1,1,1
False,9,40,,,,1044,8,1,10,1,1,1,0,0,0
False,9,45,,,,216,2,4,0,1,1,0,0,1,1
False,9,45,,,,236,8,16,40,1,1,1,1,0,1
False,9,45,,,,351,2,8,160,0,0,0,1,1,0
False,9,45,,,,1084,1,8,160,0,1,0,1,0,1
False,9,45,,,,1158,1,4,0,1,0,1,1,0,1
False,9,50,,,,58,4,8,0,1,1,1,1,1,1
False,9,50,,,,240,1,2,10,1,1,0,0,0,0
False,9,50,,,,243,1,4,160,1,0,1,0,1,0
False,9,50,,,,837,4,4,0,1,0,0,0,0,0
False,9,50,,,,926,4,2,160,0,1,1,1,0,1
False,9,55,,,,60,8,4,160,1,1,1,1,0,1
False,9,55,,,,440,8,1,0,0,0,1,0,0,1
False,9,55,,,,934,4,8,40,1,0,1,1,0,1
False,9,55,,,,1585,2,1,10,0,0,1,1,1,0
False,9,55,,,,1784,1,2,10,1,0,0,1,1,1
False,9,60,,,,350,2,1,160,1,1,1,0,0,1
False,9,60,,,,476,2,1,40,1,0,1,1,0,0
False,9,60,,,,960,4,1,160,1,0,1,0,1,0
False,9,60,,,,1252,8,8,0,1,0,0,1,1,1
False,9,60,,,,1750,4,2,10,0,0,1,0,0,0
False,9,65,,,,247,2,2,0,1,1,0,1,1,0
False,9,65,,,,797,4,8,0,0,1,0,1,0,1
False,9,65,,,,849,4,1,0,0,1,1,1,1,1
False,9,65,,,,1140,8,2,40,1,1,1,1,0,0
False,9,65,,,,1797,4,4,0,0,1,1,0,1,1
False,9,70,,,,131,1,8,40,1,0,0,1,0,0
False,9,70,,,,276,4,2,160,0,1,0,0,1,0
False,9,70,,,,779,8,1,10,0,0,0,0,1,1
False,9,70,,,,964,8,8,0,1,1,0,1,1,0
False,9,70,,,,1308,1,1,160,1,1,1,1,0,1
False,9,75,,,,358,8,8,0,0,0,0,1,0,1
False,9,75,,,,363,4,16,0,1,1,0,1,0,1
False,9,75,,,,392,4,4,10,0,1,1,0,0,1
False,9,75,,,,638,2,4,160,0,0,1,1,0,0
False,9,75,,,,1664,4,16,40,1,0,0,1,1,1
False,9,80,,,,292,2,2,160,0,0,0,1,1,0
False,9,80,,,,386,4,1,40,0,1,1,0,1,1
False,9,80,,,,407,8,4,40,0,0,0,1,0,1
False,9,80,,,,941,1,8,10,0,1,1,0,0,1
False,9,80,,,,1170,4,2,0,0,1,0,1,1,1
False,9,85,,,,746,8,2,40,1,0,0,0,1,0
False,9,85,,,,1329,1,2,0,1,0,0,1,0,1
False,9,85,,,,1488,1,4,10,0,0,1,0,0,0
False,9,85,,,,1510,1,1,160,1,1,1,1,0,0
False,9,85,,,,1794,1,1,160,0,1,0,0,1,1
False,9,90,,,,2,2,4,160,0,0,1,1,0,1
False,9,90,,,,146,1,16,10,0,1,1,0,1,0
False,9,90,,,,1569,1,1,10,1,0,1,0,0,0
False,9,90,,,,1686,1,1,0,1,0,0,1,0,0
False,9,90,,,,1981,1,4,160,0,1,1,0,1,1
False,9,95,,,,1020,2,4,160,0,1,0,0,0,0
False,9,95,,,,1519,4,16,0,0,1,0,1,0,0
False,9,95,,,,1567,8,8,0,1,1,0,1,1,1
False,9,95,,,,1729,8,4,40,1,1,0,0,1,1
False,9,95,,,,1928,8,2,160,1,1,0,0,1,0
False,9,100,,,,50,4,16,10,0,1,1,1,1,1
False,9,100,,,,1525,4,2,40,1,0,1,0,0,0
False,9,100,,,,1608,1,4,10,1,0,0,1,1,1
False,9,100,,,,1662,4,4,160,0,1,0,0,1,0
False,9,100,,,,1985,4,2,0,1,1,1,0,0,0
