is_active,repetition,iteration,feature,first_option_value,second_option_value,taskID,cores,ram,level,encrypt,wind_size_unl,threshold,compression
True,0,10,,,,10,2,18,7,0,1,0,0
True,0,10,,,,22,3,2,3,0,1,0,0
True,0,10,,,,37,1,2,5,0,1,1,0
True,0,10,,,,48,1,2,1,0,1,1,0
True,0,10,,,,68,2,6,6,0,1,0,0
True,0,10,,,,88,1,2,6,0,1,1,0
True,0,10,,,,104,4,2,5,1,0,1,0
True,0,10,,,,118,4,2,9,0,1,0,1
True,0,10,,,,173,3,2,1,0,1,1,0
True,0,10,,,,193,1,6,6,1,0,1,0
True,0,15,"('level', 'wind_size_unl')",7.0,1.0,17,2,2,7,0,1,1,0
True,0,15,"('level', 'wind_size_unl')",7.0,1.0,127,1,2,7,1,1,0,0
True,0,15,"('level', 'ram')",7.0,18.0,130,4,18,7,0,0,1,2
True,0,15,"('level', 'threshold')",7.0,0.0,141,3,6,7,0,1,0,0
True,0,15,"('cores', 'ram')",2.0,18.0,189,2,18,1,1,0,1,0
True,0,20,"('cores', 'level')",3.0,7.0,39,3,2,7,1,0,0,2
True,0,20,"('compression', 'ram')",2.0,18.0,63,2,18,7,0,1,1,2
True,0,20,"('ram',)",18.0,,91,3,18,4,1,0,1,0
True,0,20,"('level', 'ram')",7.0,6.0,155,4,6,7,0,0,1,0
True,0,20,"('level',)",3.0,,175,1,2,3,0,1,1,0
True,0,25,"('cores',)",4.0,,42,4,6,2,0,1,0,2
True,0,25,"('cores',)",4.0,,43,4,18,6,0,0,1,0
True,0,25,"('compression', 'ram')",2.0,2.0,134,3,2,4,1,1,1,2
True,0,25,"('level', 'wind_size_unl')",5.0,1.0,171,4,2,5,1,1,1,1
True,0,25,"('compression', 'level')",0.0,4.0,177,2,18,4,1,1,0,0
True,0,30,"('ram',)",6.0,,7,2,6,5,0,1,0,0
True,0,30,"('threshold',)",0.0,,28,3,6,1,1,0,0,0
True,0,30,"('compression', 'level')",2.0,2.0,136,1,2,2,1,0,1,2
True,0,30,"('cores', 'level')",1.0,1.0,148,1,6,1,1,0,1,0
True,0,30,"('level',)",2.0,,195,3,6,2,0,1,1,0
True,0,35,"('cores',)",2.0,,14,2,2,7,0,1,1,0
True,0,35,"('level',)",9.0,,57,4,2,9,1,0,1,1
True,0,35,"('cores', 'wind_size_unl')",2.0,0.0,123,2,2,5,1,0,1,0
True,0,35,"('level', 'wind_size_unl')",5.0,0.0,137,2,2,5,1,0,1,0
True,0,35,"('encrypt', 'level')",1.0,6.0,199,2,2,6,1,1,0,0
True,0,40,"('cores',)",1.0,,58,1,6,4,1,0,0,2
True,0,40,"('compression', 'level')",0.0,2.0,92,4,6,2,0,1,0,0
True,0,40,"('level',)",3.0,,142,4,2,3,1,0,0,0
True,0,40,"('level', 'wind_size_unl')",4.0,0.0,149,3,2,4,1,0,0,0
True,0,40,"('encrypt',)",0.0,,157,1,2,9,0,0,0,1
True,0,45,"('wind_size_unl',)",0.0,,23,1,6,6,0,0,1,0
True,0,45,"('encrypt',)",0.0,,52,2,6,8,0,0,1,2
True,0,45,"('cores',)",3.0,,74,3,18,4,1,0,1,0
True,0,45,"('level',)",3.0,,76,4,6,3,1,0,1,0
True,0,45,"('threshold',)",0.0,,82,1,6,4,1,1,0,0
True,0,50,"('threshold',)",0.0,,11,4,6,4,0,1,0,0
True,0,50,"('encrypt',)",0.0,,13,1,18,9,0,1,1,2
True,0,50,"('wind_size_unl',)",1.0,,16,1,6,2,0,1,1,0
True,0,50,"('cores',)",3.0,,40,3,6,5,0,1,0,0
True,0,50,"('level',)",8.0,,191,3,2,8,0,1,0,1
True,0,55,"('threshold',)",0.0,,62,2,2,8,0,1,0,0
True,0,55,"('level',)",8.0,,85,4,2,8,0,0,0,0
True,0,55,"('encrypt', 'level')",1.0,2.0,151,1,18,2,1,1,1,1
True,0,55,"('encrypt',)",1.0,,176,1,6,6,1,0,0,0
True,0,55,"('level', 'wind_size_unl')",8.0,0.0,187,4,18,8,0,0,0,0
True,0,60,"('level',)",3.0,,83,1,6,3,1,0,0,0
True,0,60,"('cores', 'wind_size_unl')",2.0,0.0,124,2,6,9,0,0,1,0
True,0,60,"('threshold',)",0.0,,166,4,2,5,1,0,0,2
True,0,60,"('encrypt',)",1.0,,172,1,6,6,1,0,1,0
True,0,60,"('encrypt', 'level')",0.0,4.0,182,2,2,4,0,1,0,1
True,0,65,"('encrypt',)",1.0,,24,3,18,9,1,1,1,0
True,0,65,"('cores', 'wind_size_unl')",2.0,0.0,71,2,6,5,0,0,1,0
True,0,65,"('compression', 'cores')",1.0,2.0,98,2,2,6,0,0,1,1
True,0,65,"('level', 'wind_size_unl')",2.0,0.0,160,3,18,2,0,0,0,1
True,0,65,"('threshold',)",0.0,,162,4,18,4,1,1,0,2
True,0,70,"('level', 'threshold')",8.0,1.0,31,3,2,8,0,0,1,1
True,0,70,"('encrypt',)",1.0,,32,3,2,5,1,0,1,0
True,0,70,"('cores', 'wind_size_unl')",3.0,0.0,53,3,6,5,0,0,1,0
True,0,70,"('level',)",3.0,,87,2,6,3,0,0,1,0
True,0,70,"('threshold',)",0.0,,94,1,18,8,0,1,0,0
True,0,75,"('cores', 'encrypt')",2.0,1.0,78,2,18,5,1,1,0,2
True,0,75,"('encrypt',)",1.0,,107,1,6,1,1,1,0,0
True,0,75,"('encrypt',)",1.0,,112,3,6,5,1,0,1,0
True,0,75,"('level', 'threshold')",1.0,0.0,128,4,2,1,0,0,0,0
True,0,75,"('cores', 'wind_size_unl')",4.0,1.0,129,4,18,6,1,1,0,1
True,0,80,"('level',)",3.0,,46,2,6,3,1,0,0,1
True,0,80,"('encrypt',)",0.0,,73,1,18,1,0,0,0,1
True,0,80,"('encrypt',)",0.0,,81,4,18,6,0,0,0,0
True,0,80,"('cores',)",2.0,,174,2,18,6,0,1,1,0
True,0,80,"('cores', 'wind_size_unl')",3.0,1.0,184,3,6,6,1,1,1,0
True,0,85,"('compression', 'cores')",2.0,3.0,4,3,6,5,0,0,0,2
True,0,85,"('threshold',)",0.0,,111,4,6,5,0,0,0,0
True,0,85,"('cores', 'wind_size_unl')",4.0,1.0,113,4,2,9,0,1,0,0
True,0,85,"('threshold',)",0.0,,126,2,2,4,1,1,0,2
True,0,85,"('encrypt',)",1.0,,167,4,6,4,1,0,0,0
True,0,90,"('encrypt',)",1.0,,38,1,2,7,1,1,1,1
True,0,90,"('cores',)",1.0,,95,1,2,9,1,0,0,0
True,0,90,"('cores',)",1.0,,110,1,2,9,0,1,1,2
True,0,90,"('cores',)",1.0,,156,1,2,5,1,1,1,0
True,0,90,"('encrypt',)",1.0,,169,4,6,6,1,0,1,0
True,0,95,"('encrypt',)",0.0,,19,1,6,9,0,0,0,0
True,0,95,"('encrypt',)",0.0,,26,1,18,9,0,1,1,2
True,0,95,"('level',)",3.0,,34,2,2,3,0,0,1,0
True,0,95,"('level',)",2.0,,84,3,2,2,0,0,0,0
True,0,95,"('encrypt',)",0.0,,108,3,6,1,0,1,1,0
True,0,100,"('encrypt',)",1.0,,1,2,6,7,1,1,1,0
True,0,100,"('cores', 'level')",1.0,4.0,2,1,2,4,0,1,0,1
True,0,100,"('encrypt',)",0.0,,15,2,18,1,0,1,1,0
True,0,100,"('encrypt',)",1.0,,35,1,6,5,1,1,0,0
True,0,100,"('cores', 'level')",2.0,9.0,89,2,18,9,1,0,0,0
True,1,10,,,,38,1,2,7,1,1,1,1
True,1,10,,,,72,4,2,5,1,1,0,0
True,1,10,,,,73,1,18,1,0,0,0,1
True,1,10,,,,80,3,18,4,1,1,1,0
True,1,10,,,,130,4,18,7,0,0,1,2
True,1,10,,,,134,3,2,4,1,1,1,2
True,1,10,,,,138,2,18,3,0,0,0,1
True,1,10,,,,141,3,6,7,0,1,0,0
True,1,10,,,,145,1,18,9,0,1,0,1
True,1,10,,,,193,1,6,6,1,0,1,0
True,1,15,"('compression', 'level')",0.0,7.0,10,2,18,7,0,1,0,0
True,1,15,"('cores', 'level')",3.0,7.0,39,3,2,7,1,0,0,2
True,1,15,"('level', 'ram')",7.0,6.0,97,2,6,7,0,0,1,0
True,1,15,"('cores', 'ram')",3.0,6.0,170,3,6,1,0,1,0,0
True,1,15,"('compression', 'ram')",2.0,18.0,196,2,18,5,0,1,0,2
True,1,20,"('compression', 'level')",0.0,1.0,48,1,2,1,0,1,1,0
True,1,20,"('ram', 'wind_size_unl')",2.0,0.0,64,1,2,8,1,0,1,0
True,1,20,"('compression', 'ram')",0.0,2.0,75,1,2,7,0,1,1,0
True,1,20,"('cores', 'ram')",2.0,6.0,120,2,6,4,0,0,1,0
True,1,20,"('ram',)",6.0,,176,1,6,6,1,0,0,0
True,1,25,"('cores', 'level')",3.0,1.0,27,3,6,1,1,0,0,1
True,1,25,"('cores', 'ram')",4.0,18.0,43,4,18,6,0,0,1,0
True,1,25,"('level', 'threshold')",1.0,1.0,131,4,2,1,1,0,1,0
True,1,25,"('compression', 'level')",2.0,5.0,166,4,2,5,1,0,0,2
True,1,25,"('compression', 'ram')",2.0,18.0,183,1,18,7,1,0,1,2
True,1,30,"('ram', 'threshold')",6.0,1.0,51,1,6,6,1,0,1,0
True,1,30,"('cores',)",2.0,,63,2,18,7,0,1,1,2
True,1,30,"('level',)",3.0,,67,1,6,3,0,1,0,2
True,1,30,"('level', 'threshold')",6.0,0.0,81,4,18,6,0,0,0,0
True,1,30,"('ram',)",6.0,,132,2,6,8,0,0,1,2
True,1,35,"('level',)",9.0,,25,3,6,9,0,0,0,1
True,1,35,"('ram',)",6.0,,92,4,6,2,0,1,0,0
True,1,35,"('cores', 'level')",2.0,4.0,126,2,2,4,1,1,0,2
True,1,35,"('encrypt', 'level')",0.0,4.0,147,1,2,4,0,1,0,1
True,1,35,"('level', 'threshold')",9.0,0.0,159,1,18,9,0,1,0,0
True,1,40,"('cores', 'wind_size_unl')",4.0,1.0,101,4,2,8,1,1,1,1
True,1,40,"('level', 'threshold')",2.0,0.0,106,1,18,2,1,0,0,0
True,1,40,"('ram',)",6.0,,167,4,6,4,1,0,0,0
True,1,40,"('level',)",2.0,,188,2,18,2,1,0,0,0
True,1,40,"('cores',)",4.0,,197,4,6,6,1,1,1,0
True,1,45,"('encrypt', 'level')",0.0,2.0,16,1,6,2,0,1,1,0
True,1,45,"('ram',)",6.0,,23,1,6,6,0,0,1,0
True,1,45,"('cores',)",3.0,,24,3,18,9,1,1,1,0
True,1,45,"('level',)",3.0,,70,1,6,3,0,1,0,0
True,1,45,"('compression', 'wind_size_unl')",2.0,1.0,78,2,18,5,1,1,0,2
True,1,50,"('compression', 'encrypt')",2.0,0.0,26,1,18,9,0,1,1,2
True,1,50,"('cores',)",3.0,,28,3,6,1,1,0,0,0
True,1,50,"('encrypt', 'wind_size_unl')",0.0,0.0,31,3,2,8,0,0,1,1
True,1,50,"('ram',)",2.0,,59,1,2,3,1,0,1,0
True,1,50,"('compression', 'threshold')",1.0,1.0,171,4,2,5,1,1,1,1
True,1,55,"('encrypt', 'level')",0.0,5.0,4,3,6,5,0,0,0,2
True,1,55,"('ram',)",6.0,,40,3,6,5,0,1,0,0
True,1,55,"('level',)",2.0,,109,2,18,2,0,1,0,0
True,1,55,"('level', 'wind_size_unl')",5.0,0.0,123,2,2,5,1,0,1,0
True,1,55,"('level', 'wind_size_unl')",5.0,0.0,146,1,18,5,1,0,1,2
True,1,60,"('compression', 'wind_size_unl')",2.0,1.0,21,1,18,3,0,1,1,2
True,1,60,"('encrypt', 'wind_size_unl')",0.0,0.0,52,2,6,8,0,0,1,2
True,1,60,"('compression', 'threshold')",1.0,1.0,57,4,2,9,1,0,1,1
True,1,60,"('ram',)",2.0,,66,1,2,2,1,0,0,2
True,1,60,"('compression', 'encrypt')",2.0,0.0,135,1,18,7,0,1,0,2
True,1,65,"('cores', 'wind_size_unl')",2.0,1.0,62,2,2,8,0,1,0,0
True,1,65,"('level', 'wind_size_unl')",6.0,1.0,65,2,6,6,0,1,0,0
True,1,65,"('level', 'threshold')",2.0,1.0,116,3,2,2,1,1,1,0
True,1,65,"('compression', 'encrypt')",1.0,1.0,143,1,6,4,1,0,0,1
True,1,65,"('encrypt', 'wind_size_unl')",0.0,0.0,161,2,6,6,0,0,0,0
True,1,70,"('cores', 'wind_size_unl')",4.0,1.0,11,4,6,4,0,1,0,0
True,1,70,"('level', 'threshold')",8.0,0.0,54,1,6,8,0,0,0,0
True,1,70,"('level',)",3.0,,76,4,6,3,1,0,1,0
True,1,70,"('ram',)",18.0,,91,3,18,4,1,0,1,0
True,1,70,"('level', 'wind_size_unl')",1.0,1.0,114,1,6,1,0,1,1,2
True,1,75,"('level', 'threshold')",8.0,0.0,85,4,2,8,0,0,0,0
True,1,75,"('level', 'wind_size_unl')",6.0,1.0,88,1,2,6,0,1,1,0
True,1,75,"('ram', 'threshold')",2.0,0.0,93,1,2,9,0,1,0,0
True,1,75,"('level',)",3.0,,142,4,2,3,1,0,0,0
True,1,75,"('ram',)",18.0,,189,2,18,1,1,0,1,0
True,1,80,"('level',)",2.0,,84,3,2,2,0,0,0,0
True,1,80,"('level', 'threshold')",2.0,1.0,136,1,2,2,1,0,1,2
True,1,80,"('cores', 'wind_size_unl')",3.0,1.0,154,3,6,6,1,1,1,0
True,1,80,"('ram',)",18.0,,164,1,18,6,1,0,0,0
True,1,80,"('cores', 'wind_size_unl')",3.0,1.0,191,3,2,8,0,1,0,1
True,1,85,"('ram', 'threshold')",18.0,1.0,9,1,18,1,0,0,1,0
True,1,85,"('level', 'threshold')",9.0,0.0,133,1,6,9,0,0,0,0
True,1,85,"('ram',)",18.0,,139,1,18,9,1,0,0,0
True,1,85,"('level', 'threshold')",2.0,1.0,151,1,18,2,1,1,1,1
True,1,85,"('ram',)",18.0,,152,2,18,6,0,0,1,0
True,1,90,"('cores',)",2.0,,45,2,18,6,0,0,0,0
True,1,90,"('ram', 'threshold')",6.0,1.0,148,1,6,1,1,0,1,0
True,1,90,"('ram', 'threshold')",2.0,0.0,149,3,2,4,1,0,0,0
True,1,90,"('cores',)",1.0,,190,1,6,4,1,1,1,2
True,1,90,"('cores',)",2.0,,200,2,6,7,1,1,1,0
True,1,95,"('cores', 'wind_size_unl')",4.0,1.0,33,4,2,8,1,1,1,0
True,1,95,"('cores', 'wind_size_unl')",1.0,1.0,35,1,6,5,1,1,0,0
True,1,95,"('cores', 'wind_size_unl')",1.0,1.0,105,1,18,4,0,1,0,0
True,1,95,"('cores', 'wind_size_unl')",1.0,1.0,156,1,2,5,1,1,1,0
True,1,95,"('cores', 'wind_size_unl')",1.0,0.0,157,1,2,9,0,0,0,1
True,1,100,,,,2,1,2,4,0,1,0,1
True,1,100,,,,8,3,6,9,1,0,0,0
True,1,100,,,,82,1,6,4,1,1,0,0
True,1,100,,,,150,1,18,8,0,1,1,0
True,1,100,,,,181,1,2,9,0,1,1,0
True,2,10,,,,8,3,6,9,1,0,0,0
True,2,10,,,,16,1,6,2,0,1,1,0
True,2,10,,,,23,1,6,6,0,0,1,0
True,2,10,,,,44,2,6,5,0,1,1,0
True,2,10,,,,73,1,18,1,0,0,0,1
True,2,10,,,,76,4,6,3,1,0,1,0
True,2,10,,,,105,1,18,4,0,1,0,0
True,2,10,,,,163,2,18,7,0,1,1,0
True,2,10,,,,169,4,6,6,1,0,1,0
True,2,10,,,,178,1,6,9,1,0,0,1
True,2,15,"('level',)",7.0,,75,1,2,7,0,1,1,0
True,2,15,"('cores', 'level')",2.0,7.0,97,2,6,7,0,0,1,0
True,2,15,"('cores', 'ram')",2.0,18.0,103,2,18,3,0,0,0,0
True,2,15,"('threshold',)",0.0,,111,4,6,5,0,0,0,0
True,2,15,"('ram', 'wind_size_unl')",18.0,0.0,138,2,18,3,0,0,0,1
True,2,20,"('ram', 'wind_size_unl')",2.0,1.0,88,1,2,6,0,1,1,0
True,2,20,"('cores', 'level')",4.0,5.0,104,4,2,5,1,0,1,0
True,2,20,"('threshold',)",1.0,,124,2,6,9,0,0,1,0
True,2,20,"('compression', 'ram')",0.0,2.0,125,3,2,2,1,0,0,0
True,2,20,"('ram',)",2.0,,127,1,2,7,1,1,0,0
True,2,25,"('ram',)",2.0,,77,1,2,5,1,0,0,2
True,2,25,"('level',)",4.0,,82,1,6,4,1,1,0,0
True,2,25,"('cores', 'ram')",4.0,2.0,90,4,2,7,0,1,1,1
True,2,25,"('cores', 'level')",2.0,9.0,115,2,18,9,0,0,0,0
True,2,25,"('ram', 'wind_size_unl')",18.0,1.0,145,1,18,9,0,1,0,1
True,2,30,"('encrypt', 'ram')",0.0,2.0,37,1,2,5,0,1,1,0
True,2,30,"('ram',)",2.0,,66,1,2,2,1,0,0,2
True,2,30,"('cores', 'threshold')",4.0,0.0,72,4,2,5,1,1,0,0
True,2,30,"('cores', 'wind_size_unl')",4.0,1.0,113,4,2,9,0,1,0,0
True,2,30,"('encrypt', 'level')",0.0,2.0,160,3,18,2,0,0,0,1
True,2,35,"('ram',)",18.0,,18,4,18,7,1,1,1,1
True,2,35,"('level',)",1.0,,60,4,6,1,1,0,0,1
True,2,35,"('cores', 'level')",4.0,9.0,118,4,2,9,0,1,0,1
True,2,35,"('cores',)",3.0,,154,3,6,6,1,1,1,0
True,2,35,"('level', 'ram')",2.0,6.0,195,3,6,2,0,1,1,0
True,2,40,"('compression', 'cores')",1.0,3.0,79,3,18,3,0,0,1,1
True,2,40,"('cores',)",3.0,,80,3,18,4,1,1,1,0
True,2,40,"('encrypt', 'threshold')",1.0,1.0,179,1,18,6,1,0,1,1
True,2,40,"('cores', 'threshold')",3.0,1.0,184,3,6,6,1,1,1,0
True,2,40,"('ram',)",18.0,,187,4,18,8,0,0,0,0
True,2,45,"('cores', 'ram')",3.0,2.0,22,3,2,3,0,1,0,0
True,2,45,"('encrypt', 'level')",0.0,1.0,48,1,2,1,0,1,1,0
True,2,45,"('level',)",8.0,,54,1,6,8,0,0,0,0
True,2,45,"('ram',)",2.0,,123,2,2,5,1,0,1,0
True,2,45,"('encrypt',)",1.0,,198,3,6,4,1,1,1,0
True,2,50,"('level',)",8.0,,94,1,18,8,0,1,0,0
True,2,50,"('ram',)",2.0,,98,2,2,6,0,0,1,1
True,2,50,"('encrypt', 'level')",0.0,4.0,140,4,6,4,0,1,0,0
True,2,50,"('encrypt',)",1.0,,188,2,18,2,1,0,0,0
True,2,50,"('cores', 'ram')",2.0,2.0,199,2,2,6,1,1,0,0
True,2,55,"('ram',)",2.0,,55,2,2,3,0,0,1,0
True,2,55,"('cores',)",2.0,,120,2,6,4,0,0,1,0
True,2,55,"('level',)",8.0,,132,2,6,8,0,0,1,2
True,2,55,"('threshold',)",1.0,,172,1,6,6,1,0,1,0
True,2,55,"('encrypt',)",1.0,,186,1,18,9,1,0,1,0
True,2,60,"('level',)",1.0,,56,4,18,1,0,0,0,0
True,2,60,"('ram',)",2.0,,57,4,2,9,1,0,1,1
True,2,60,"('threshold',)",0.0,,81,4,18,6,0,0,0,0
True,2,60,"('encrypt',)",1.0,,95,1,2,9,1,0,0,0
True,2,60,"('cores',)",3.0,,112,3,6,5,1,0,1,0
True,2,65,"('level',)",8.0,,52,2,6,8,0,0,1,2
True,2,65,"('threshold',)",0.0,,68,2,6,6,0,1,0,0
True,2,65,"('cores',)",3.0,,74,3,18,4,1,0,1,0
True,2,65,"('ram',)",18.0,,129,4,18,6,1,1,0,1
True,2,65,"('encrypt',)",1.0,,156,1,2,5,1,1,1,0
True,2,70,"('ram',)",2.0,,61,1,2,4,1,1,1,2
True,2,70,"('level',)",1.0,,102,4,18,1,1,0,0,0
True,2,70,"('cores', 'wind_size_unl')",2.0,1.0,109,2,18,2,0,1,0,0
True,2,70,"('cores', 'level')",2.0,4.0,177,2,18,4,1,1,0,0
True,2,70,"('compression', 'ram')",2.0,6.0,190,1,6,4,1,1,1,2
True,2,75,"('level',)",8.0,,41,2,18,8,0,0,1,0
True,2,75,"('compression', 'ram')",2.0,6.0,42,4,6,2,0,1,0,2
True,2,75,"('compression', 'ram')",0.0,6.0,87,2,6,3,0,0,1,0
True,2,75,"('cores',)",3.0,,91,3,18,4,1,0,1,0
True,2,75,"('ram',)",2.0,,93,1,2,9,0,1,0,0
True,2,80,"('compression', 'ram')",2.0,2.0,5,3,2,9,0,1,0,2
True,2,80,"('compression', 'ram')",1.0,6.0,25,3,6,9,0,0,0,1
True,2,80,"('compression', 'ram')",0.0,18.0,30,4,18,7,1,1,0,0
True,2,80,"('ram',)",2.0,,36,1,2,1,0,1,1,0
True,2,80,"('cores',)",3.0,,141,3,6,7,0,1,0,0
True,2,85,"('encrypt',)",1.0,,51,1,6,6,1,0,1,0
True,2,85,"('encrypt',)",1.0,,89,2,18,9,1,0,0,0
True,2,85,"('encrypt',)",1.0,,107,1,6,1,1,1,0,0
True,2,85,"('encrypt',)",1.0,,144,1,18,2,1,0,1,0
True,2,85,"('encrypt',)",1.0,,146,1,18,5,1,0,1,2
True,2,90,"('encrypt',)",0.0,,26,1,18,9,0,1,1,2
True,2,90,"('cores', 'wind_size_unl')",1.0,1.0,35,1,6,5,1,1,0,0
True,2,90,"('cores', 'wind_size_unl')",2.0,1.0,63,2,18,7,0,1,1,2
True,2,90,"('cores', 'wind_size_unl')",2.0,1.0,65,2,6,6,0,1,0,0
True,2,90,"('cores', 'wind_size_unl')",2.0,1.0,196,2,18,5,0,1,0,2
True,2,95,"('encrypt',)",0.0,,19,1,6,9,0,0,0,0
True,2,95,"('encrypt',)",0.0,,21,1,18,3,0,1,1,2
True,2,95,"('encrypt',)",0.0,,43,4,18,6,0,0,1,0
True,2,95,"('encrypt',)",0.0,,45,2,18,6,0,0,0,0
True,2,95,"('encrypt',)",0.0,,110,1,2,9,0,1,1,2
True,2,100,"('threshold',)",0.0,,2,1,2,4,0,1,0,1
True,2,100,"('threshold',)",1.0,,9,1,18,1,0,0,1,0
True,2,100,"('threshold',)",1.0,,38,1,2,7,1,1,1,1
True,2,100,"('threshold',)",0.0,,83,1,6,3,1,0,0,0
True,2,100,"('encrypt',)",1.0,,197,4,6,6,1,1,1,0
True,3,10,,,,1,2,6,7,1,1,1,0
True,3,10,,,,22,3,2,3,0,1,0,0
True,3,10,,,,107,1,6,1,1,1,0,0
True,3,10,,,,108,3,6,1,0,1,1,0
True,3,10,,,,132,2,6,8,0,0,1,2
True,3,10,,,,139,1,18,9,1,0,0,0
True,3,10,,,,148,1,6,1,1,0,1,0
True,3,10,,,,153,1,6,7,0,0,1,2
True,3,10,,,,170,3,6,1,0,1,0,0
True,3,10,,,,185,2,18,8,1,0,0,0
True,3,15,"('level', 'ram')",3.0,2.0,55,2,2,3,0,0,1,0
True,3,15,"('level', 'ram')",3.0,2.0,59,1,2,3,1,0,1,0
True,3,15,"('compression', 'level')",0.0,3.0,83,1,6,3,1,0,0,0
True,3,15,"('cores', 'ram')",3.0,2.0,84,3,2,2,0,0,0,0
True,3,15,"('level', 'threshold')",3.0,0.0,103,2,18,3,0,0,0,0
True,3,20,"('level', 'threshold')",2.0,0.0,42,4,6,2,0,1,0,2
True,3,20,"('compression', 'cores')",2.0,2.0,78,2,18,5,1,1,0,2
True,3,20,"('ram',)",2.0,,131,4,2,1,1,0,1,0
True,3,20,"('ram',)",2.0,,134,3,2,4,1,1,1,2
True,3,20,"('level', 'threshold')",2.0,0.0,188,2,18,2,1,0,0,0
True,3,25,"('compression', 'level')",2.0,8.0,52,2,6,8,0,0,1,2
True,3,25,"('level', 'threshold')",8.0,1.0,64,1,2,8,1,0,1,0
True,3,25,"('cores',)",4.0,,111,4,6,5,0,0,0,0
True,3,25,"('encrypt',)",0.0,,145,1,18,9,0,1,0,1
True,3,25,"('ram',)",2.0,,147,1,2,4,0,1,0,1
True,3,30,"('level', 'threshold')",8.0,0.0,94,1,18,8,0,1,0,0
True,3,30,"('cores',)",4.0,,102,4,18,1,1,0,0,0
True,3,30,"('compression', 'level')",0.0,5.0,123,2,2,5,1,0,1,0
True,3,30,"('encrypt',)",0.0,,152,2,18,6,0,0,1,0
True,3,30,"('level',)",5.0,,156,1,2,5,1,1,1,0
True,3,35,"('encrypt',)",0.0,,20,1,6,8,0,1,0,1
True,3,35,"('cores',)",4.0,,118,4,2,9,0,1,0,1
True,3,35,"('level', 'wind_size_unl')",8.0,1.0,150,1,18,8,0,1,1,0
True,3,35,"('level',)",6.0,,154,3,6,6,1,1,1,0
True,3,35,"('level', 'threshold')",6.0,1.0,174,2,18,6,0,1,1,0
True,3,40,"('cores',)",4.0,,128,4,2,1,0,0,0,0
True,3,40,"('compression', 'level')",2.0,7.0,135,1,18,7,0,1,0,2
True,3,40,"('ram',)",2.0,,137,2,2,5,1,0,1,0
True,3,40,"('level',)",7.0,,163,2,18,7,0,1,1,0
True,3,40,"('encrypt',)",1.0,,172,1,6,6,1,0,1,0
True,3,45,"('cores',)",3.0,,40,3,6,5,0,1,0,0
True,3,45,"('ram',)",2.0,,88,1,2,6,0,1,1,0
True,3,45,"('encrypt',)",0.0,,99,4,18,5,0,1,0,2
True,3,45,"('encrypt', 'level')",0.0,5.0,100,1,18,5,0,0,1,2
True,3,45,"('level',)",4.0,,149,3,2,4,1,0,0,0
True,3,50,"('level', 'threshold')",7.0,0.0,119,3,18,7,0,1,0,2
True,3,50,"('ram',)",6.0,,155,4,6,7,0,0,1,0
True,3,50,"('encrypt', 'level')",1.0,7.0,183,1,18,7,1,0,1,2
True,3,50,"('level',)",2.0,,195,3,6,2,0,1,1,0
True,3,50,"('encrypt', 'level')",1.0,7.0,200,2,6,7,1,1,1,0
True,3,55,"('cores', 'ram')",3.0,18.0,24,3,18,9,1,1,1,0
True,3,55,"('ram',)",2.0,,57,4,2,9,1,0,1,1
True,3,55,"('level',)",4.0,,82,1,6,4,1,1,0,0
True,3,55,"('cores', 'ram')",3.0,18.0,122,3,18,6,0,1,0,0
True,3,55,"('ram',)",2.0,,199,2,2,6,1,1,0,0
True,3,60,"('level',)",2.0,,29,2,2,2,0,1,0,0
True,3,60,"('level', 'threshold')",7.0,0.0,39,3,2,7,1,0,0,2
True,3,60,"('level',)",2.0,,109,2,18,2,0,1,0,0
True,3,60,"('cores', 'ram')",4.0,18.0,129,4,18,6,1,1,0,1
True,3,60,"('level', 'threshold')",2.0,1.0,158,3,6,2,0,0,1,0
True,3,65,"('level',)",4.0,,69,2,6,4,0,0,1,2
True,3,65,"('encrypt', 'wind_size_unl')",0.0,0.0,97,2,6,7,0,0,1,0
True,3,65,"('compression', 'threshold')",1.0,1.0,121,1,6,5,1,1,1,1
True,3,65,"('cores',)",4.0,,166,4,2,5,1,0,0,2
True,3,65,"('compression', 'encrypt')",1.0,1.0,179,1,18,6,1,0,1,1
True,3,70,"('ram', 'threshold')",6.0,0.0,65,2,6,6,0,1,0,0
True,3,70,"('cores',)",4.0,,72,4,2,5,1,1,0,0
True,3,70,"('cores',)",4.0,,96,4,2,8,0,0,0,1
True,3,70,"('ram', 'threshold')",6.0,0.0,133,1,6,9,0,0,0,0
True,3,70,"('cores',)",4.0,,197,4,6,6,1,1,1,0
True,3,75,"('threshold',)",1.0,,51,1,6,6,1,0,1,0
True,3,75,"('encrypt',)",0.0,,62,2,2,8,0,1,0,0
True,3,75,"('cores',)",3.0,,112,3,6,5,1,0,1,0
True,3,75,"('cores',)",3.0,,117,3,6,6,1,1,1,0
True,3,75,"('encrypt',)",0.0,,196,2,18,5,0,1,0,2
True,3,80,"('cores',)",3.0,,4,3,6,5,0,0,0,2
True,3,80,"('cores', 'encrypt')",3.0,0.0,31,3,2,8,0,0,1,1
True,3,80,"('cores',)",3.0,,32,3,2,5,1,0,1,0
True,3,80,"('encrypt',)",0.0,,93,1,2,9,0,1,0,0
True,3,80,"('threshold',)",0.0,,115,2,18,9,0,0,0,0
True,3,85,"('encrypt',)",0.0,,63,2,18,7,0,1,1,2
True,3,85,"('threshold',)",0.0,,77,1,2,5,1,0,0,2
True,3,85,"('ram', 'threshold')",18.0,1.0,146,1,18,5,1,0,1,2
True,3,85,"('threshold',)",0.0,,157,1,2,9,0,0,0,1
True,3,85,"('ram', 'threshold')",18.0,1.0,186,1,18,9,1,0,1,0
True,3,90,"('cores', 'wind_size_unl')",4.0,1.0,11,4,6,4,0,1,0,0
True,3,90,"('encrypt', 'ram')",0.0,2.0,36,1,2,1,0,1,1,0
True,3,90,"('encrypt',)",0.0,,124,2,6,9,0,0,1,0
True,3,90,"('encrypt',)",0.0,,159,1,18,9,0,1,0,0
True,3,90,"('cores', 'wind_size_unl')",2.0,0.0,189,2,18,1,1,0,1,0
True,3,95,"('ram',)",18.0,,3,1,18,4,1,0,0,2
True,3,95,"('ram',)",18.0,,9,1,18,1,0,0,1,0
True,3,95,"('encrypt',)",0.0,,23,1,6,6,0,0,1,0
True,3,95,"('ram',)",18.0,,177,2,18,4,1,1,0,0
True,3,95,"('encrypt',)",0.0,,182,2,2,4,0,1,0,1
True,3,100,"('encrypt',)",0.0,,2,1,2,4,0,1,0,1
True,3,100,"('encrypt',)",1.0,,35,1,6,5,1,1,0,0
True,3,100,"('encrypt',)",1.0,,47,2,2,8,1,1,0,0
True,3,100,"('encrypt',)",0.0,,161,2,6,6,0,0,0,0
True,3,100,"('encrypt',)",1.0,,176,1,6,6,1,0,0,0
True,4,10,,,,51,1,6,6,1,0,1,0
True,4,10,,,,59,1,2,3,1,0,1,0
True,4,10,,,,88,1,2,6,0,1,1,0
True,4,10,,,,104,4,2,5,1,0,1,0
True,4,10,,,,105,1,18,4,0,1,0,0
True,4,10,,,,123,2,2,5,1,0,1,0
True,4,10,,,,130,4,18,7,0,0,1,2
True,4,10,,,,138,2,18,3,0,0,0,1
True,4,10,,,,175,1,2,3,0,1,1,0
True,4,10,,,,184,3,6,6,1,1,1,0
True,4,15,"('cores',)",3.0,,32,3,2,5,1,0,1,0
True,4,15,"('ram', 'wind_size_unl')",6.0,0.0,58,1,6,4,1,0,0,2
True,4,15,"('cores', 'level')",4.0,7.0,90,4,2,7,0,1,1,1
True,4,15,"('level', 'ram')",6.0,2.0,98,2,2,6,0,0,1,1
True,4,15,"('cores', 'ram')",4.0,18.0,102,4,18,1,1,0,0,0
True,4,20,"('level', 'ram')",7.0,18.0,10,2,18,7,0,1,0,0
True,4,20,"('cores',)",3.0,,39,3,2,7,1,0,0,2
True,4,20,"('ram',)",6.0,,69,2,6,4,0,0,1,2
True,4,20,"('cores', 'ram')",2.0,18.0,78,2,18,5,1,1,0,2
True,4,20,"('cores', 'level')",4.0,5.0,99,4,18,5,0,1,0,2
True,4,25,"('compression', 'level')",0.0,7.0,1,2,6,7,1,1,1,0
True,4,25,"('compression', 'ram')",2.0,2.0,5,3,2,9,0,1,0,2
True,4,25,"('encrypt', 'level')",0.0,5.0,53,3,6,5,0,0,1,0
True,4,25,"('cores',)",3.0,,173,3,2,1,0,1,1,0
True,4,25,"('ram',)",6.0,,193,1,6,6,1,0,1,0
True,4,30,"('cores',)",4.0,,60,4,6,1,1,0,0,1
True,4,30,"('compression', 'level')",2.0,9.0,110,1,2,9,0,1,1,2
True,4,30,"('encrypt', 'level')",0.0,9.0,133,1,6,9,0,0,0,0
True,4,30,"('compression', 'ram')",1.0,18.0,151,1,18,2,1,1,1,1
True,4,30,"('ram',)",6.0,,195,3,6,2,0,1,1,0
True,4,35,"('compression', 'level')",0.0,2.0,109,2,18,2,0,1,0,0
True,4,35,"('compression', 'ram')",1.0,6.0,121,1,6,5,1,1,1,1
True,4,35,"('level', 'ram')",9.0,6.0,124,2,6,9,0,0,1,0
True,4,35,"('cores', 'ram')",4.0,6.0,140,4,6,4,0,1,0,0
True,4,35,"('cores', 'level')",3.0,2.0,158,3,6,2,0,0,1,0
True,4,40,"('level',)",3.0,,22,3,2,3,0,1,0,0
True,4,40,"('level', 'wind_size_unl')",3.0,1.0,70,1,6,3,0,1,0,0
True,4,40,"('encrypt', 'level')",1.0,3.0,142,4,2,3,1,0,0,0
True,4,40,"('ram',)",18.0,,185,2,18,8,1,0,0,0
True,4,40,"('encrypt', 'level')",1.0,3.0,194,1,2,3,1,1,1,0
True,4,45,"('compression', 'level')",0.0,8.0,33,4,2,8,1,1,1,0
True,4,45,"('level',)",8.0,,62,2,2,8,0,1,0,0
True,4,45,"('cores', 'level')",2.0,9.0,115,2,18,9,0,0,0,0
True,4,45,"('level', 'wind_size_unl')",2.0,0.0,144,1,18,2,1,0,1,0
True,4,45,"('ram',)",18.0,,179,1,18,6,1,0,1,1
True,4,50,"('cores', 'wind_size_unl')",4.0,1.0,18,4,18,7,1,1,1,1
True,4,50,"('compression', 'wind_size_unl')",2.0,1.0,50,3,18,9,0,1,1,2
True,4,50,"('level',)",8.0,,101,4,2,8,1,1,1,1
True,4,50,"('cores', 'wind_size_unl')",4.0,1.0,129,4,18,6,1,1,0,1
True,4,50,"('compression', 'encrypt')",2.0,1.0,134,3,2,4,1,1,1,2
True,4,55,"('level',)",1.0,,9,1,18,1,0,0,1,0
True,4,55,"('level',)",1.0,,28,3,6,1,1,0,0,0
True,4,55,"('cores',)",3.0,,31,3,2,8,0,0,1,1
True,4,55,"('cores',)",3.0,,141,3,6,7,0,1,0,0
True,4,55,"('threshold',)",0.0,,176,1,6,6,1,0,0,0
True,4,60,"('ram',)",6.0,,52,2,6,8,0,0,1,2
True,4,60,"('level',)",2.0,,106,1,18,2,1,0,0,0
True,4,60,"('threshold',)",0.0,,113,4,2,9,0,1,0,0
True,4,60,"('ram',)",6.0,,154,3,6,6,1,1,1,0
True,4,60,"('cores',)",2.0,,163,2,18,7,0,1,1,0
True,4,65,"('cores',)",2.0,,55,2,2,3,0,0,1,0
True,4,65,"('threshold',)",0.0,,145,1,18,9,0,1,0,1
True,4,65,"('ram', 'threshold')",2.0,0.0,147,1,2,4,0,1,0,1
True,4,65,"('level',)",4.0,,165,2,2,4,0,1,1,0
True,4,65,"('cores', 'wind_size_unl')",2.0,1.0,174,2,18,6,0,1,1,0
True,4,70,"('ram', 'wind_size_unl')",6.0,1.0,40,3,6,5,0,1,0,0
True,4,70,"('cores', 'wind_size_unl')",4.0,0.0,56,4,18,1,0,0,0,0
True,4,70,"('cores', 'level')",4.0,9.0,57,4,2,9,1,0,1,1
True,4,70,"('cores', 'encrypt')",2.0,1.0,89,2,18,9,1,0,0,0
True,4,70,"('cores', 'encrypt')",2.0,1.0,137,2,2,5,1,0,1,0
True,4,75,"('compression', 'level')",0.0,8.0,41,2,18,8,0,0,1,0
True,4,75,"('ram',)",6.0,,54,1,6,8,0,0,0,0
True,4,75,"('cores', 'level')",1.0,1.0,73,1,18,1,0,0,0,1
True,4,75,"('cores', 'wind_size_unl')",3.0,0.0,91,3,18,4,1,0,1,0
True,4,75,"('compression', 'level')",2.0,8.0,132,2,6,8,0,0,1,2
True,4,80,"('ram', 'wind_size_unl')",6.0,1.0,44,2,6,5,0,1,1,0
True,4,80,"('ram',)",6.0,,71,2,6,5,0,0,1,0
True,4,80,"('ram', 'wind_size_unl')",6.0,1.0,82,1,6,4,1,1,0,0
True,4,80,"('ram',)",6.0,,120,2,6,4,0,0,1,0
True,4,80,"('ram', 'wind_size_unl')",6.0,1.0,198,3,6,4,1,1,1,0
True,4,85,"('ram',)",2.0,,37,1,2,5,0,1,1,0
True,4,85,"('ram',)",2.0,,61,1,2,4,1,1,1,2
True,4,85,"('ram', 'wind_size_unl')",18.0,1.0,63,2,18,7,0,1,1,2
True,4,85,"('ram', 'wind_size_unl')",2.0,0.0,128,4,2,1,0,0,0,0
True,4,85,"('ram', 'wind_size_unl')",6.0,0.0,155,4,6,7,0,0,1,0
True,4,90,"('ram',)",6.0,,23,1,6,6,0,0,1,0
True,4,90,"('ram', 'wind_size_unl')",18.0,1.0,24,3,18,9,1,1,1,0
True,4,90,"('ram', 'wind_size_unl')",6.0,1.0,65,2,6,6,0,1,0,0
True,4,90,"('ram',)",6.0,,76,4,6,3,1,0,1,0
True,4,90,"('ram', 'wind_size_unl')",18.0,0.0,139,1,18,9,1,0,0,0
True,4,95,"('ram',)",6.0,,4,3,6,5,0,0,0,2
True,4,95,"('ram',)",2.0,,75,1,2,7,0,1,1,0
True,4,95,"('ram',)",18.0,,146,1,18,5,1,0,1,2
True,4,95,"('ram',)",2.0,,156,1,2,5,1,1,1,0
True,4,95,"('ram',)",2.0,,181,1,2,9,0,1,1,0
True,4,100,,,,45,2,18,6,0,0,0,0
True,4,100,,,,81,4,18,6,0,0,0,0
True,4,100,,,,100,1,18,5,0,0,1,2
True,4,100,,,,164,1,18,6,1,0,0,0
True,4,100,,,,196,2,18,5,0,1,0,2
True,5,10,,,,9,1,18,1,0,0,1,0
True,5,10,,,,74,3,18,4,1,0,1,0
True,5,10,,,,100,1,18,5,0,0,1,2
True,5,10,,,,113,4,2,9,0,1,0,0
True,5,10,,,,119,3,18,7,0,1,0,2
True,5,10,,,,145,1,18,9,0,1,0,1
True,5,10,,,,156,1,2,5,1,1,1,0
True,5,10,,,,159,1,18,9,0,1,0,0
True,5,10,,,,190,1,6,4,1,1,1,2
True,5,10,,,,191,3,2,8,0,1,0,1
True,5,15,"('ram', 'wind_size_unl')",6.0,1.0,40,3,6,5,0,1,0,0
True,5,15,"('cores', 'level')",4.0,9.0,118,4,2,9,0,1,0,1
True,5,15,"('encrypt', 'ram')",1.0,18.0,139,1,18,9,1,0,0,0
True,5,15,"('ram',)",6.0,,169,4,6,6,1,0,1,0
True,5,15,"('compression', 'level')",0.0,1.0,170,3,6,1,0,1,0,0
True,5,20,"('cores', 'level')",3.0,5.0,32,3,2,5,1,0,1,0
True,5,20,"('compression', 'level')",2.0,7.0,39,3,2,7,1,0,0,2
True,5,20,"('cores',)",4.0,,60,4,6,1,1,0,0,1
True,5,20,"('level', 'wind_size_unl')",1.0,1.0,107,1,6,1,1,1,0,0
True,5,20,"('level',)",7.0,,155,4,6,7,0,0,1,0
True,5,25,"('level', 'wind_size_unl')",7.0,1.0,135,1,18,7,0,1,0,2
True,5,25,"('compression', 'level')",0.0,7.0,141,3,6,7,0,1,0,0
True,5,25,"('level',)",6.0,,164,1,18,6,1,0,0,0
True,5,25,"('encrypt',)",1.0,,188,2,18,2,1,0,0,0
True,5,25,"('wind_size_unl',)",0.0,,192,1,6,9,0,0,1,2
True,5,30,"('compression', 'level')",2.0,9.0,13,1,18,9,0,1,1,2
True,5,30,"('wind_size_unl',)",0.0,,34,2,2,3,0,0,1,0
True,5,30,"('encrypt',)",1.0,,78,2,18,5,1,1,0,2
True,5,30,"('level',)",2.0,,151,1,18,2,1,1,1,1
True,5,30,"('threshold',)",1.0,,175,1,2,3,0,1,1,0
True,5,35,"('level', 'wind_size_unl')",3.0,1.0,67,1,6,3,0,1,0,2
True,5,35,"('ram',)",6.0,,70,1,6,3,0,1,0,0
True,5,35,"('encrypt',)",1.0,,131,4,2,1,1,0,1,0
True,5,35,"('cores',)",2.0,,182,2,2,4,0,1,0,1
True,5,35,"('compression', 'level')",0.0,4.0,198,3,6,4,1,1,1,0
True,5,40,"('cores',)",2.0,,10,2,18,7,0,1,0,0
True,5,40,"('encrypt',)",1.0,,89,2,18,9,1,0,0,0
True,5,40,"('ram',)",2.0,,93,1,2,9,0,1,0,0
True,5,40,"('wind_size_unl',)",0.0,,172,1,6,6,1,0,1,0
True,5,40,"('level',)",8.0,,185,2,18,8,1,0,0,0
True,5,45,"('cores', 'level')",2.0,7.0,1,2,6,7,1,1,1,0
True,5,45,"('cores', 'ram')",3.0,18.0,24,3,18,9,1,1,1,0
True,5,45,"('level', 'wind_size_unl')",2.0,0.0,66,1,2,2,1,0,0,2
True,5,45,"('cores', 'ram')",3.0,18.0,79,3,18,3,0,0,1,1
True,5,45,"('ram',)",2.0,,110,1,2,9,0,1,1,2
True,5,50,"('cores', 'level')",4.0,7.0,18,4,18,7,1,1,1,1
True,5,50,"('level', 'wind_size_unl')",8.0,0.0,54,1,6,8,0,0,0,0
True,5,50,"('ram', 'wind_size_unl')",6.0,0.0,76,4,6,3,1,0,1,0
True,5,50,"('cores', 'ram')",2.0,6.0,124,2,6,9,0,0,1,0
True,5,50,"('level',)",8.0,,150,1,18,8,0,1,1,0
True,5,55,"('level', 'wind_size_unl')",4.0,0.0,3,1,18,4,1,0,0,2
True,5,55,"('level',)",2.0,,16,1,6,2,0,1,1,0
True,5,55,"('ram',)",2.0,,123,2,2,5,1,0,1,0
True,5,55,"('cores', 'wind_size_unl')",4.0,1.0,162,4,18,4,1,1,0,2
True,5,55,"('cores', 'threshold')",2.0,1.0,174,2,18,6,0,1,1,0
True,5,60,"('cores', 'ram')",2.0,6.0,6,2,6,1,0,0,1,0
True,5,60,"('cores', 'wind_size_unl')",3.0,0.0,8,3,6,9,1,0,0,0
True,5,60,"('compression', 'wind_size_unl')",1.0,0.0,46,2,6,3,1,0,0,1
True,5,60,"('cores', 'level')",3.0,1.0,108,3,6,1,0,1,1,0
True,5,60,"('ram',)",2.0,,134,3,2,4,1,1,1,2
True,5,65,"('level',)",8.0,,20,1,6,8,0,1,0,1
True,5,65,"('cores', 'encrypt')",4.0,0.0,49,4,18,4,0,1,0,2
True,5,65,"('ram',)",2.0,,85,4,2,8,0,0,0,0
True,5,65,"('ram',)",2.0,,127,1,2,7,1,1,0,0
True,5,65,"('cores',)",4.0,,128,4,2,1,0,0,0,0
True,5,70,"('cores',)",4.0,,43,4,18,6,0,0,1,0
True,5,70,"('encrypt', 'wind_size_unl')",0.0,0.0,81,4,18,6,0,0,0,0
True,5,70,"('compression', 'wind_size_unl')",1.0,0.0,138,2,18,3,0,0,0,1
True,5,70,"('cores', 'encrypt')",4.0,0.0,140,4,6,4,0,1,0,0
True,5,70,"('ram',)",2.0,,199,2,2,6,1,1,0,0
True,5,75,"('level',)",2.0,,29,2,2,2,0,1,0,0
True,5,75,"('level', 'wind_size_unl')",7.0,0.0,97,2,6,7,0,0,1,0
True,5,75,"('cores',)",3.0,,112,3,6,5,1,0,1,0
True,5,75,"('level', 'wind_size_unl')",7.0,0.0,130,4,18,7,0,0,1,2
True,5,75,"('ram',)",2.0,,165,2,2,4,0,1,1,0
True,5,80,"('cores', 'wind_size_unl')",4.0,1.0,11,4,6,4,0,1,0,0
True,5,80,"('ram',)",2.0,,33,4,2,8,1,1,1,0
True,5,80,"('ram', 'wind_size_unl')",2.0,0.0,104,4,2,5,1,0,1,0
True,5,80,"('level',)",2.0,,109,2,18,2,0,1,0,0
True,5,80,"('ram', 'wind_size_unl')",2.0,0.0,137,2,2,5,1,0,1,0
True,5,85,"('ram',)",2.0,,88,1,2,6,0,1,1,0
True,5,85,"('ram',)",18.0,,115,2,18,9,0,0,0,0
True,5,85,"('ram',)",2.0,,142,4,2,3,1,0,0,0
True,5,85,"('ram',)",6.0,,143,1,6,4,1,0,0,1
True,5,85,"('ram',)",18.0,,179,1,18,6,1,0,1,1
True,5,90,"('compression', 'ram')",2.0,6.0,69,2,6,4,0,0,1,2
True,5,90,"('encrypt', 'wind_size_unl')",0.0,0.0,71,2,6,5,0,0,1,0
True,5,90,"('encrypt', 'wind_size_unl')",0.0,0.0,103,2,18,3,0,0,0,0
True,5,90,"('wind_size_unl',)",0.0,,186,1,18,9,1,0,1,0
True,5,90,"('wind_size_unl',)",0.0,,193,1,6,6,1,0,1,0
True,5,95,"('compression', 'ram')",0.0,6.0,111,4,6,5,0,0,0,0
True,5,95,"('compression', 'ram')",2.0,6.0,114,1,6,1,0,1,1,2
True,5,95,"('compression', 'ram')",2.0,6.0,153,1,6,7,0,0,1,2
True,5,95,"('compression', 'cores')",0.0,4.0,167,4,6,4,1,0,0,0
True,5,95,"('compression', 'cores')",2.0,2.0,196,2,18,5,0,1,0,2
True,5,100,,,,35,1,6,5,1,1,0,0
True,5,100,,,,83,1,6,3,1,0,0,0
True,5,100,,,,94,1,18,8,0,1,0,0
True,5,100,,,,117,3,6,6,1,1,1,0
True,5,100,,,,154,3,6,6,1,1,1,0
True,6,10,,,,2,1,2,4,0,1,0,1
True,6,10,,,,26,1,18,9,0,1,1,2
True,6,10,,,,63,2,18,7,0,1,1,2
True,6,10,,,,76,4,6,3,1,0,1,0
True,6,10,,,,80,3,18,4,1,1,1,0
True,6,10,,,,81,4,18,6,0,0,0,0
True,6,10,,,,107,1,6,1,1,1,0,0
True,6,10,,,,110,1,2,9,0,1,1,2
True,6,10,,,,139,1,18,9,1,0,0,0
True,6,10,,,,199,2,2,6,1,1,0,0
True,6,15,"('level', 'ram')",6.0,18.0,43,4,18,6,0,0,1,0
True,6,15,"('ram',)",6.0,,92,4,6,2,0,1,0,0
True,6,15,"('level',)",7.0,,141,3,6,7,0,1,0,0
True,6,15,"('cores', 'ram')",4.0,18.0,187,4,18,8,0,0,0,0
True,6,15,"('cores',)",3.0,,191,3,2,8,0,1,0,1
True,6,20,"('cores', 'ram')",3.0,6.0,27,3,6,1,1,0,0,1
True,6,20,"('level', 'ram')",9.0,2.0,93,1,2,9,0,1,0,0
True,6,20,"('level', 'wind_size_unl')",2.0,1.0,151,1,18,2,1,1,1,1
True,6,20,"('level', 'ram')",7.0,6.0,155,4,6,7,0,0,1,0
True,6,20,"('cores',)",2.0,,185,2,18,8,1,0,0,0
True,6,25,"('level', 'ram')",2.0,6.0,16,1,6,2,0,1,1,0
True,6,25,"('cores', 'ram')",3.0,18.0,24,3,18,9,1,1,1,0
True,6,25,"('ram',)",2.0,,34,2,2,3,0,0,1,0
True,6,25,"('cores',)",2.0,,177,2,18,4,1,1,0,0
True,6,25,"('level', 'ram')",2.0,6.0,195,3,6,2,0,1,1,0
True,6,30,"('level',)",7.0,,10,2,18,7,0,1,0,0
True,6,30,"('level', 'wind_size_unl')",7.0,0.0,39,3,2,7,1,0,0,2
True,6,30,"('cores',)",2.0,,69,2,6,4,0,0,1,2
True,6,30,"('cores', 'level')",3.0,2.0,84,3,2,2,0,0,0,0
True,6,30,"('ram',)",2.0,,171,4,2,5,1,1,1,1
True,6,35,"('compression', 'level')",2.0,4.0,3,1,18,4,1,0,0,2
True,6,35,"('ram',)",6.0,,11,4,6,4,0,1,0,0
True,6,35,"('compression', 'level')",2.0,4.0,12,1,2,4,1,0,0,2
True,6,35,"('cores',)",2.0,,132,2,6,8,0,0,1,2
True,6,35,"('level',)",5.0,,166,4,2,5,1,0,0,2
True,6,40,"('cores', 'ram')",2.0,6.0,44,2,6,5,0,1,1,0
True,6,40,"('ram',)",6.0,,60,4,6,1,1,0,0,1
True,6,40,"('cores', 'ram')",2.0,6.0,86,2,6,2,1,0,0,2
True,6,40,"('cores',)",2.0,,188,2,18,2,1,0,0,0
True,6,40,"('level',)",1.0,,189,2,18,1,1,0,1,0
True,6,45,"('encrypt',)",0.0,,5,3,2,9,0,1,0,2
True,6,45,"('cores', 'ram')",1.0,6.0,67,1,6,3,0,1,0,2
True,6,45,"('level',)",6.0,,169,4,6,6,1,0,1,0
True,6,45,"('wind_size_unl',)",1.0,,180,3,6,3,0,1,1,0
True,6,45,"('cores',)",3.0,,198,3,6,4,1,1,1,0
True,6,50,"('cores', 'ram')",2.0,2.0,17,2,2,7,0,1,1,0
True,6,50,"('wind_size_unl',)",0.0,,23,1,6,6,0,0,1,0
True,6,50,"('encrypt',)",0.0,,53,3,6,5,0,0,1,0
True,6,50,"('cores',)",3.0,,149,3,2,4,1,0,0,0
True,6,50,"('level',)",6.0,,179,1,18,6,1,0,1,1
True,6,55,"('level',)",3.0,,46,2,6,3,1,0,0,1
True,6,55,"('wind_size_unl',)",1.0,,78,2,18,5,1,1,0,2
True,6,55,"('cores',)",4.0,,140,4,6,4,0,1,0,0
True,6,55,"('encrypt',)",0.0,,157,1,2,9,0,0,0,1
True,6,55,"('threshold',)",1.0,,192,1,6,9,0,0,1,2
True,6,60,"('level',)",8.0,,31,3,2,8,0,0,1,1
True,6,60,"('threshold',)",1.0,,74,3,18,4,1,0,1,0
True,6,60,"('cores',)",4.0,,142,4,2,3,1,0,0,0
True,6,60,"('encrypt', 'threshold')",1.0,1.0,156,1,2,5,1,1,1,0
True,6,60,"('encrypt', 'wind_size_unl')",1.0,1.0,190,1,6,4,1,1,1,2
True,6,65,"('encrypt', 'threshold')",0.0,0.0,70,1,6,3,0,1,0,0
True,6,65,"('cores',)",4.0,,128,4,2,1,0,0,0,0
True,6,65,"('level',)",1.0,,148,1,6,1,1,0,1,0
True,6,65,"('wind_size_unl',)",1.0,,150,1,18,8,0,1,1,0
True,6,65,"('threshold',)",1.0,,168,3,6,8,1,0,1,0
True,6,70,"('cores',)",4.0,,72,4,2,5,1,1,0,0
True,6,70,"('level',)",7.0,,119,3,18,7,0,1,0,2
True,6,70,"('wind_size_unl',)",1.0,,147,1,2,4,0,1,0,1
True,6,70,"('ram',)",18.0,,164,1,18,6,1,0,0,0
True,6,70,"('threshold',)",1.0,,194,1,2,3,1,1,1,0
True,6,75,"('compression', 'wind_size_unl')",1.0,0.0,73,1,18,1,0,0,0,1
True,6,75,"('compression', 'wind_size_unl')",1.0,1.0,118,4,2,9,0,1,0,1
True,6,75,"('threshold',)",1.0,,134,3,2,4,1,1,1,2
True,6,75,"('threshold',)",1.0,,136,1,2,2,1,0,1,2
True,6,75,"('wind_size_unl',)",1.0,,175,1,2,3,0,1,1,0
True,6,80,"('cores',)",2.0,,29,2,2,2,0,1,0,0
True,6,80,"('cores',)",2.0,,89,2,18,9,1,0,0,0
True,6,80,"('cores',)",2.0,,109,2,18,2,0,1,0,0
True,6,80,"('ram',)",18.0,,115,2,18,9,0,0,0,0
True,6,80,"('ram',)",18.0,,138,2,18,3,0,0,0,1
True,6,85,"('ram',)",6.0,,28,3,6,1,1,0,0,0
True,6,85,"('compression', 'ram')",0.0,6.0,71,2,6,5,0,0,1,0
True,6,85,"('compression', 'ram')",1.0,6.0,143,1,6,4,1,0,0,1
True,6,85,"('ram',)",6.0,,167,4,6,4,1,0,0,0
True,6,85,"('ram',)",6.0,,193,1,6,6,1,0,1,0
True,6,90,"('ram',)",18.0,,45,2,18,6,0,0,0,0
True,6,90,"('compression', 'ram')",2.0,18.0,50,3,18,9,0,1,1,2
True,6,90,"('cores', 'encrypt')",4.0,0.0,85,4,2,8,0,0,0,0
True,6,90,"('compression', 'ram')",0.0,6.0,87,2,6,3,0,0,1,0
True,6,90,"('ram',)",18.0,,144,1,18,2,1,0,1,0
True,6,95,"('cores', 'encrypt')",1.0,1.0,51,1,6,6,1,0,1,0
True,6,95,"('cores', 'encrypt')",1.0,1.0,82,1,6,4,1,1,0,0
True,6,95,"('cores', 'encrypt')",2.0,1.0,123,2,2,5,1,0,1,0
True,6,95,"('cores', 'encrypt')",1.0,0.0,133,1,6,9,0,0,0,0
True,6,95,"('cores', 'encrypt')",3.0,0.0,170,3,6,1,0,1,0,0
True,6,100,,,,32,3,2,5,1,0,1,0
True,6,100,,,,36,1,2,1,0,1,1,0
True,6,100,,,,66,1,2,2,1,0,0,2
True,6,100,,,,83,1,6,3,1,0,0,0
True,6,100,,,,114,1,6,1,0,1,1,2
True,7,10,,,,24,3,18,9,1,1,1,0
True,7,10,,,,26,1,18,9,0,1,1,2
True,7,10,,,,68,2,6,6,0,1,0,0
True,7,10,,,,93,1,2,9,0,1,0,0
True,7,10,,,,104,4,2,5,1,0,1,0
True,7,10,,,,143,1,6,4,1,0,0,1
True,7,10,,,,152,2,18,6,0,0,1,0
True,7,10,,,,176,1,6,6,1,0,0,0
True,7,10,,,,186,1,18,9,1,0,1,0
True,7,10,,,,197,4,6,6,1,1,1,0
True,7,15,"('ram',)",2.0,,17,2,2,7,0,1,1,0
True,7,15,"('level', 'wind_size_unl')",5.0,0.0,71,2,6,5,0,0,1,0
True,7,15,"('threshold',)",0.0,,94,1,18,8,0,1,0,0
True,7,15,"('wind_size_unl',)",0.0,,97,2,6,7,0,0,1,0
True,7,15,"('cores',)",3.0,,160,3,18,2,0,0,0,1
True,7,20,"('wind_size_unl',)",1.0,,20,1,6,8,0,1,0,1
True,7,20,"('ram',)",2.0,,22,3,2,3,0,1,0,0
True,7,20,"('level',)",8.0,,41,2,18,8,0,0,1,0
True,7,20,"('threshold',)",0.0,,113,4,2,9,0,1,0,0
True,7,20,"('cores',)",4.0,,118,4,2,9,0,1,0,1
True,7,25,"('ram',)",2.0,,33,4,2,8,1,1,1,0
True,7,25,"('threshold',)",1.0,,51,1,6,6,1,0,1,0
True,7,25,"('level',)",3.0,,59,1,2,3,1,0,1,0
True,7,25,"('wind_size_unl',)",0.0,,73,1,18,1,0,0,0,1
True,7,25,"('cores',)",3.0,,125,3,2,2,1,0,0,0
True,7,30,"('level',)",1.0,,15,2,18,1,0,1,1,0
True,7,30,"('level', 'threshold')",3.0,0.0,46,2,6,3,1,0,0,1
True,7,30,"('compression', 'level')",2.0,9.0,50,3,18,9,0,1,1,2
True,7,30,"('encrypt', 'level')",0.0,5.0,111,4,6,5,0,0,0,0
True,7,30,"('encrypt', 'ram')",1.0,18.0,164,1,18,6,1,0,0,0
True,7,35,"('compression', 'encrypt')",2.0,0.0,21,1,18,3,0,1,1,2
True,7,35,"('encrypt', 'level')",0.0,3.0,87,2,6,3,0,0,1,0
True,7,35,"('cores', 'threshold')",3.0,1.0,91,3,18,4,1,0,1,0
True,7,35,"('cores',)",3.0,,149,3,2,4,1,0,0,0
True,7,35,"('cores', 'encrypt')",2.0,1.0,185,2,18,8,1,0,0,0
True,7,40,"('cores', 'ram')",2.0,2.0,47,2,2,8,1,1,0,0
True,7,40,"('ram', 'wind_size_unl')",2.0,0.0,77,1,2,5,1,0,0,2
True,7,40,"('cores', 'level')",3.0,3.0,79,3,18,3,0,0,1,1
True,7,40,"('encrypt', 'ram')",1.0,2.0,142,4,2,3,1,0,0,0
True,7,40,"('level', 'wind_size_unl')",7.0,0.0,153,1,6,7,0,0,1,2
True,7,45,"('cores', 'encrypt')",4.0,0.0,11,4,6,4,0,1,0,0
True,7,45,"('threshold',)",1.0,,16,1,6,2,0,1,1,0
True,7,45,"('encrypt',)",1.0,,38,1,2,7,1,1,1,1
True,7,45,"('level',)",2.0,,109,2,18,2,0,1,0,0
True,7,45,"('ram', 'wind_size_unl')",6.0,1.0,141,3,6,7,0,1,0,0
True,7,50,"('cores', 'ram')",3.0,6.0,25,3,6,9,0,0,0,1
True,7,50,"('encrypt',)",1.0,,28,3,6,1,1,0,0,0
True,7,50,"('threshold',)",1.0,,36,1,2,1,0,1,1,0
True,7,50,"('encrypt',)",1.0,,57,4,2,9,1,0,1,1
True,7,50,"('ram', 'wind_size_unl')",2.0,0.0,95,1,2,9,1,0,0,0
True,7,55,"('wind_size_unl',)",1.0,,5,3,2,9,0,1,0,2
True,7,55,"('threshold',)",1.0,,37,1,2,5,0,1,1,0
True,7,55,"('encrypt',)",1.0,,58,1,6,4,1,0,0,2
True,7,55,"('compression', 'encrypt')",2.0,1.0,136,1,2,2,1,0,1,2
True,7,55,"('encrypt', 'wind_size_unl')",1.0,1.0,184,3,6,6,1,1,1,0
True,7,60,"('wind_size_unl',)",1.0,,2,1,2,4,0,1,0,1
True,7,60,"('compression', 'encrypt')",2.0,1.0,61,1,2,4,1,1,1,2
True,7,60,"('encrypt', 'wind_size_unl')",1.0,1.0,80,3,18,4,1,1,1,0
True,7,60,"('ram', 'wind_size_unl')",18.0,1.0,129,4,18,6,1,1,0,1
True,7,60,"('compression', 'threshold')",2.0,0.0,196,2,18,5,0,1,0,2
True,7,65,"('threshold',)",1.0,,13,1,18,9,0,1,1,2
True,7,65,"('level', 'wind_size_unl')",2.0,1.0,116,3,2,2,1,1,1,0
True,7,65,"('level',)",2.0,,151,1,18,2,1,1,1,1
True,7,65,"('wind_size_unl',)",1.0,,181,1,2,9,0,1,1,0
True,7,65,"('ram', 'wind_size_unl')",6.0,1.0,198,3,6,4,1,1,1,0
True,7,70,"('ram', 'wind_size_unl')",6.0,1.0,1,2,6,7,1,1,1,0
True,7,70,"('cores', 'ram')",4.0,18.0,56,4,18,1,0,0,0,0
True,7,70,"('ram',)",18.0,,162,4,18,4,1,1,0,2
True,7,70,"('wind_size_unl',)",0.0,,179,1,18,6,1,0,1,1
True,7,70,"('ram',)",18.0,,183,1,18,7,1,0,1,2
True,7,75,"('level', 'wind_size_unl')",5.0,1.0,7,2,6,5,0,1,0,0
True,7,75,"('ram', 'threshold')",18.0,0.0,10,2,18,7,0,1,0,0
True,7,75,"('wind_size_unl',)",0.0,,144,1,18,2,1,0,1,0
True,7,75,"('ram', 'wind_size_unl')",2.0,0.0,157,1,2,9,0,0,0,1
True,7,75,"('cores', 'ram')",2.0,2.0,165,2,2,4,0,1,1,0
True,7,80,"('ram', 'threshold')",6.0,1.0,76,4,6,3,1,0,1,0
True,7,80,"('compression', 'ram')",2.0,6.0,132,2,6,8,0,0,1,2
True,7,80,"('ram', 'wind_size_unl')",2.0,0.0,166,4,2,5,1,0,0,2
True,7,80,"('level', 'wind_size_unl')",3.0,1.0,175,1,2,3,0,1,1,0
True,7,80,"('cores', 'ram')",2.0,2.0,182,2,2,4,0,1,0,1
True,7,85,"('ram', 'threshold')",18.0,0.0,45,2,18,6,0,0,0,0
True,7,85,"('level', 'wind_size_unl')",5.0,1.0,72,4,2,5,1,1,0,0
True,7,85,"('ram', 'threshold')",18.0,0.0,145,1,18,9,0,1,0,1
True,7,85,"('ram', 'threshold')",18.0,0.0,159,1,18,9,0,1,0,0
True,7,85,"('level', 'wind_size_unl')",3.0,1.0,194,1,2,3,1,1,1,0
True,7,90,"('level',)",6.0,,98,2,2,6,0,0,1,1
True,7,90,"('compression', 'ram')",1.0,2.0,147,1,2,4,0,1,0,1
True,7,90,"('ram',)",6.0,,158,3,6,2,0,0,1,0
True,7,90,"('level',)",1.0,,189,2,18,1,1,0,1,0
True,7,90,"('compression', 'ram')",2.0,6.0,192,1,6,9,0,0,1,2
True,7,95,"('level',)",8.0,,62,2,2,8,0,1,0,0
True,7,95,"('level',)",8.0,,64,1,2,8,1,0,1,0
True,7,95,"('ram',)",6.0,,124,2,6,9,0,0,1,0
True,7,95,"('ram',)",6.0,,172,1,6,6,1,0,1,0
True,7,95,"('level',)",8.0,,191,3,2,8,0,1,0,1
True,7,100,"('encrypt', 'ram')",0.0,2.0,75,1,2,7,0,1,1,0
True,7,100,"('ram',)",18.0,,106,1,18,2,1,0,0,0
True,7,100,"('ram',)",6.0,,133,1,6,9,0,0,0,0
True,7,100,"('encrypt', 'ram')",1.0,18.0,146,1,18,5,1,0,1,2
True,7,100,"('encrypt', 'ram')",0.0,18.0,163,2,18,7,0,1,1,0
True,8,10,,,,49,4,18,4,0,1,0,2
True,8,10,,,,84,3,2,2,0,0,0,0
True,8,10,,,,85,4,2,8,0,0,0,0
True,8,10,,,,105,1,18,4,0,1,0,0
True,8,10,,,,106,1,18,2,1,0,0,0
True,8,10,,,,110,1,2,9,0,1,1,2
True,8,10,,,,134,3,2,4,1,1,1,2
True,8,10,,,,137,2,2,5,1,0,1,0
True,8,10,,,,192,1,6,9,0,0,1,2
True,8,10,,,,196,2,18,5,0,1,0,2
True,8,15,"('cores', 'ram')",4.0,18.0,43,4,18,6,0,0,1,0
True,8,15,"('cores',)",3.0,,53,3,6,5,0,0,1,0
True,8,15,"('cores', 'level')",3.0,2.0,116,3,2,2,1,1,1,0
True,8,15,"('encrypt', 'ram')",0.0,6.0,133,1,6,9,0,0,0,0
True,8,15,"('wind_size_unl',)",1.0,,165,2,2,4,0,1,1,0
True,8,20,"('compression', 'cores')",2.0,4.0,99,4,18,5,0,1,0,2
True,8,20,"('cores',)",4.0,,129,4,18,6,1,1,0,1
True,8,20,"('wind_size_unl',)",1.0,,163,2,18,7,0,1,1,0
True,8,20,"('level',)",6.0,,164,1,18,6,1,0,0,0
True,8,20,"('cores', 'wind_size_unl')",4.0,1.0,197,4,6,6,1,1,1,0
True,8,25,"('cores',)",3.0,,80,3,18,4,1,1,1,0
True,8,25,"('level',)",7.0,,90,4,2,7,0,1,1,1
True,8,25,"('encrypt', 'level')",0.0,7.0,97,2,6,7,0,0,1,0
True,8,25,"('cores', 'wind_size_unl')",3.0,0.0,168,3,6,8,1,0,1,0
True,8,25,"('encrypt',)",1.0,,179,1,18,6,1,0,1,1
True,8,30,"('cores',)",2.0,,29,2,2,2,0,1,0,0
True,8,30,"('threshold', 'wind_size_unl')",0.0,1.0,62,2,2,8,0,1,0,0
True,8,30,"('level',)",8.0,,132,2,6,8,0,0,1,2
True,8,30,"('level', 'threshold')",9.0,0.0,159,1,18,9,0,1,0,0
True,8,30,"('encrypt',)",1.0,,178,1,6,9,1,0,0,1
True,8,35,"('cores', 'threshold')",3.0,0.0,8,3,6,9,1,0,0,0
True,8,35,"('level', 'threshold')",2.0,1.0,16,1,6,2,0,1,1,0
True,8,35,"('ram', 'threshold')",6.0,0.0,111,4,6,5,0,0,0,0
True,8,35,"('cores',)",3.0,,112,3,6,5,1,0,1,0
True,8,35,"('level',)",7.0,,127,1,2,7,1,1,0,0
True,8,40,"('level',)",8.0,,47,2,2,8,1,1,0,0
True,8,40,"('encrypt', 'level')",0.0,6.0,65,2,6,6,0,1,0,0
True,8,40,"('level', 'threshold')",7.0,0.0,135,1,18,7,0,1,0,2
True,8,40,"('cores', 'threshold')",3.0,0.0,149,3,2,4,1,0,0,0
True,8,40,"('cores',)",2.0,,152,2,18,6,0,0,1,0
True,8,45,"('level', 'threshold')",9.0,1.0,50,3,18,9,0,1,1,2
True,8,45,"('level',)",2.0,,66,1,2,2,1,0,0,2
True,8,45,"('ram', 'threshold')",18.0,1.0,146,1,18,5,1,0,1,2
True,8,45,"('level', 'threshold')",9.0,1.0,186,1,18,9,1,0,1,0
True,8,45,"('cores', 'level')",2.0,2.0,188,2,18,2,1,0,0,0
True,8,50,"('ram', 'threshold')",6.0,0.0,20,1,6,8,0,1,0,1
True,8,50,"('encrypt', 'level')",1.0,7.0,38,1,2,7,1,1,1,1
True,8,50,"('cores', 'wind_size_unl')",4.0,0.0,56,4,18,1,0,0,0,0
True,8,50,"('compression', 'cores')",2.0,4.0,130,4,18,7,0,0,1,2
True,8,50,"('level',)",7.0,,155,4,6,7,0,0,1,0
True,8,55,"('compression', 'level')",0.0,1.0,6,2,6,1,0,0,1,0
True,8,55,"('ram', 'threshold')",6.0,0.0,7,2,6,5,0,1,0,0
True,8,55,"('encrypt', 'level')",0.0,1.0,15,2,18,1,0,1,1,0
True,8,55,"('level',)",1.0,,48,1,2,1,0,1,1,0
True,8,55,"('ram',)",6.0,,117,3,6,6,1,1,1,0
True,8,60,"('ram', 'wind_size_unl')",2.0,0.0,32,3,2,5,1,0,1,0
True,8,60,"('cores', 'ram')",3.0,18.0,91,3,18,4,1,0,1,0
True,8,60,"('cores', 'wind_size_unl')",3.0,1.0,122,3,18,6,0,1,0,0
True,8,60,"('ram', 'threshold')",6.0,0.0,161,2,6,6,0,0,0,0
True,8,60,"('cores', 'wind_size_unl')",3.0,1.0,180,3,6,3,0,1,1,0
True,8,65,"('level',)",3.0,,21,1,18,3,0,1,1,2
True,8,65,"('ram', 'threshold')",2.0,0.0,22,3,2,3,0,1,0,0
True,8,65,"('cores', 'threshold')",3.0,0.0,39,3,2,7,1,0,0,2
True,8,65,"('cores', 'wind_size_unl')",4.0,0.0,142,4,2,3,1,0,0,0
True,8,65,"('compression', 'level')",0.0,3.0,175,1,2,3,0,1,1,0
True,8,70,"('ram', 'threshold')",6.0,0.0,68,2,6,6,0,1,0,0
True,8,70,"('cores', 'level')",1.0,1.0,73,1,18,1,0,0,0,1
True,8,70,"('cores', 'level')",1.0,1.0,114,1,6,1,0,1,1,2
True,8,70,"('cores', 'ram')",4.0,6.0,169,4,6,6,1,0,1,0
True,8,70,"('ram',)",6.0,,193,1,6,6,1,0,1,0
True,8,75,"('cores', 'wind_size_unl')",4.0,1.0,33,4,2,8,1,1,1,0
True,8,75,"('ram', 'threshold')",6.0,0.0,83,1,6,3,1,0,0,0
True,8,75,"('cores', 'wind_size_unl')",4.0,1.0,113,4,2,9,0,1,0,0
True,8,75,"('cores', 'level')",2.0,4.0,126,2,2,4,1,1,0,2
True,8,75,"('level',)",3.0,,138,2,18,3,0,0,0,1
True,8,80,"('ram', 'threshold')",6.0,0.0,19,1,6,9,0,0,0,0
True,8,80,"('ram', 'threshold')",6.0,0.0,25,3,6,9,0,0,0,1
True,8,80,"('cores', 'level')",4.0,9.0,57,4,2,9,1,0,1,1
True,8,80,"('cores', 'wind_size_unl')",4.0,0.0,102,4,18,1,1,0,0,0
True,8,80,"('level',)",1.0,,108,3,6,1,0,1,1,0
True,8,85,"('encrypt',)",1.0,,3,1,18,4,1,0,0,2
True,8,85,"('level',)",3.0,,55,2,2,3,0,0,1,0
True,8,85,"('wind_size_unl',)",1.0,,145,1,18,9,0,1,0,1
True,8,85,"('ram',)",2.0,,147,1,2,4,0,1,0,1
True,8,85,"('cores',)",2.0,,199,2,2,6,1,1,0,0
True,8,90,"('ram', 'threshold')",18.0,1.0,63,2,18,7,0,1,1,2
True,8,90,"('ram',)",6.0,,87,2,6,3,0,0,1,0
True,8,90,"('level',)",2.0,,144,1,18,2,1,0,1,0
True,8,90,"('compression', 'ram')",2.0,6.0,153,1,6,7,0,0,1,2
True,8,90,"('cores', 'level')",3.0,1.0,173,3,2,1,0,1,1,0
True,8,95,,,,10,2,18,7,0,1,0,0
True,8,95,,,,17,2,2,7,0,1,1,0
True,8,95,,,,88,1,2,6,0,1,1,0
True,8,95,,,,95,1,2,9,1,0,0,0
True,8,95,,,,115,2,18,9,0,0,0,0
True,8,100,"('cores', 'level')",2.0,7.0,14,2,2,7,0,1,1,0
True,8,100,"('cores', 'level')",1.0,5.0,37,1,2,5,0,1,1,0
True,8,100,"('cores', 'level')",1.0,4.0,61,1,2,4,1,1,1,2
True,8,100,"('cores', 'level')",1.0,7.0,75,1,2,7,0,1,1,0
True,8,100,"('cores', 'level')",2.0,9.0,89,2,18,9,1,0,0,0
True,9,10,,,,23,1,6,6,0,0,1,0
True,9,10,,,,57,4,2,9,1,0,1,1
True,9,10,,,,66,1,2,2,1,0,0,2
True,9,10,,,,93,1,2,9,0,1,0,0
True,9,10,,,,126,2,2,4,1,1,0,2
True,9,10,,,,127,1,2,7,1,1,0,0
True,9,10,,,,151,1,18,2,1,1,1,1
True,9,10,,,,181,1,2,9,0,1,1,0
True,9,10,,,,183,1,18,7,1,0,1,2
True,9,10,,,,200,2,6,7,1,1,1,0
True,9,15,"('ram',)",6,,97,2,6,7,0,0,1,0
True,9,15,"('compression', 'ram')",2,18.0,135,1,18,7,0,1,0,2
True,9,15,"('ram',)",6,,158,3,6,2,0,0,1,0
True,9,15,"('cores', 'level')",1,6.0,164,1,18,6,1,0,0,0
True,9,15,"('level', 'ram')",6,6.0,197,4,6,6,1,1,1,0
True,9,20,"('ram',)",6,,42,4,6,2,0,1,0,2
True,9,20,"('cores', 'wind_size_unl')",3,0.0,125,3,2,2,1,0,0,0
True,9,20,"('level',)",4,,147,1,2,4,0,1,0,1
True,9,20,"('compression', 'ram')",1,18.0,179,1,18,6,1,0,1,1
True,9,20,"('cores', 'level')",3,2.0,195,3,6,2,0,1,1,0
True,9,25,"('ram',)",6,,52,2,6,8,0,0,1,2
True,9,25,"('ram',)",6,,54,1,6,8,0,0,0,0
True,9,25,"('cores', 'ram')",1,6.0,83,1,6,3,1,0,0,0
True,9,25,"('level',)",4,,167,4,6,4,1,0,0,0
True,9,25,"('compression', 'ram')",2,6.0,190,1,6,4,1,1,1,2
True,9,30,"('ram',)",18,,43,4,18,6,0,0,1,0
True,9,30,"('cores', 'level')",1,8.0,64,1,2,8,1,0,1,0
True,9,30,"('level',)",3,,87,2,6,3,0,0,1,0
True,9,30,"('cores', 'ram')",3,2.0,149,3,2,4,1,0,0,0
True,9,30,"('cores',)",3,,170,3,6,1,0,1,0,0
True,9,35,"('level', 'threshold')",8,0.0,62,2,2,8,0,1,0,0
True,9,35,"('ram',)",18,,78,2,18,5,1,1,0,2
True,9,35,"('level', 'wind_size_unl')",1,1.0,107,1,6,1,1,1,0,0
True,9,35,"('level',)",1,,173,3,2,1,0,1,1,0
True,9,35,"('cores',)",3,,191,3,2,8,0,1,0,1
True,9,40,"('cores', 'encrypt')",4,0.0,96,4,2,8,0,0,0,1
True,9,40,"('level', 'wind_size_unl')",5,1.0,99,4,18,5,0,1,0,2
True,9,40,"('level',)",5,,104,4,2,5,1,0,1,0
True,9,40,"('encrypt', 'level')",1,1.0,131,4,2,1,1,0,1,0
True,9,40,"('level',)",5,,146,1,18,5,1,0,1,2
True,9,45,"('wind_size_unl',)",1,,20,1,6,8,0,1,0,1
True,9,45,"('ram',)",18,,26,1,18,9,0,1,1,2
True,9,45,"('level', 'wind_size_unl')",1,0.0,60,4,6,1,1,0,0,1
True,9,45,"('level', 'threshold')",3,0.0,70,1,6,3,0,1,0,0
True,9,45,"('level',)",3,,76,4,6,3,1,0,1,0
True,9,50,"('encrypt',)",0,,17,2,2,7,0,1,1,0
True,9,50,"('encrypt',)",0,,19,1,6,9,0,0,0,0
True,9,50,"('level',)",5,,123,2,2,5,1,0,1,0
True,9,50,"('cores',)",2,,152,2,18,6,0,0,1,0
True,9,50,"('cores', 'ram')",2,18.0,188,2,18,2,1,0,0,0
True,9,55,"('encrypt',)",0,,15,2,18,1,0,1,1,0
True,9,55,"('encrypt',)",0,,34,2,2,3,0,0,1,0
True,9,55,"('level',)",3,,59,1,2,3,1,0,1,0
True,9,55,"('cores',)",3,,119,3,18,7,0,1,0,2
True,9,55,"('cores',)",3,,184,3,6,6,1,1,1,0
True,9,60,"('encrypt',)",0,,36,1,2,1,0,1,1,0
True,9,60,"('encrypt',)",0,,48,1,2,1,0,1,1,0
True,9,60,"('ram',)",18,,115,2,18,9,0,0,0,0
True,9,60,"('cores',)",3,,122,3,18,6,0,1,0,0
True,9,60,"('level',)",5,,156,1,2,5,1,1,1,0
True,9,65,"('encrypt',)",0,,13,1,18,9,0,1,1,2
True,9,65,"('level', 'wind_size_unl')",3,1.0,67,1,6,3,0,1,0,2
True,9,65,"('level',)",4,,91,3,18,4,1,0,1,0
True,9,65,"('ram',)",18,,144,1,18,2,1,0,1,0
True,9,65,"('encrypt',)",0,,159,1,18,9,0,1,0,0
True,9,70,"('cores',)",3,,24,3,18,9,1,1,1,0
True,9,70,"('level',)",5,,35,1,6,5,1,1,0,0
True,9,70,"('encrypt',)",0,,103,2,18,3,0,0,0,0
True,9,70,"('encrypt',)",0,,133,1,6,9,0,0,0,0
True,9,70,"('ram',)",18,,163,2,18,7,0,1,1,0
True,9,75,"('cores', 'level')",2,6.0,68,2,6,6,0,1,0,0
True,9,75,"('level',)",4,,69,2,6,4,0,0,1,2
True,9,75,"('cores',)",3,,80,3,18,4,1,1,1,0
True,9,75,"('encrypt',)",0,,118,4,2,9,0,1,0,1
True,9,75,"('encrypt',)",0,,120,2,6,4,0,0,1,0
True,9,80,"('compression', 'cores')",2,3.0,5,3,2,9,0,1,0,2
True,9,80,"('cores', 'encrypt')",2,1.0,89,2,18,9,1,0,0,0
True,9,80,"('cores',)",3,,117,3,6,6,1,1,1,0
True,9,80,"('cores', 'level')",2,9.0,124,2,6,9,0,0,1,0
True,9,80,"('threshold',)",0,,199,2,2,6,1,1,0,0
True,9,85,"('threshold',)",0,,113,4,2,9,0,1,0,0
True,9,85,"('encrypt',)",1,,139,1,18,9,1,0,0,0
True,9,85,"('encrypt',)",1,,148,1,6,1,1,0,1,0
True,9,85,"('encrypt',)",1,,172,1,6,6,1,0,1,0
True,9,85,"('encrypt',)",1,,186,1,18,9,1,0,1,0
True,9,90,"('encrypt',)",0,,6,2,6,1,0,0,1,0
True,9,90,"('threshold',)",0,,86,2,6,2,1,0,0,2
True,9,90,"('encrypt',)",0,,90,4,2,7,0,1,1,1
True,9,90,"('encrypt',)",0,,132,2,6,8,0,0,1,2
True,9,90,"('encrypt',)",0,,192,1,6,9,0,0,1,2
True,9,95,,,,12,1,2,4,1,0,0,2
True,9,95,,,,38,1,2,7,1,1,1,1
True,9,95,,,,61,1,2,4,1,1,1,2
True,9,95,,,,109,2,18,2,0,1,0,0
True,9,95,,,,136,1,2,2,1,0,1,2
True,9,100,"('wind_size_unl',)",1,,2,1,2,4,0,1,0,1
True,9,100,"('wind_size_unl',)",0,,51,1,6,6,1,0,1,0
True,9,100,"('threshold',)",0,,65,2,6,6,0,1,0,0
True,9,100,"('wind_size_unl',)",1,,101,4,2,8,1,1,1,1
True,9,100,"('wind_size_unl',)",0,,169,4,6,6,1,0,1,0
